id,age,sex,group,campResident,category,undegrad
1,17,1,3,2,1,1
2,17,0,3,2,1,1
3,17,1,3,2,1,1
4,17,0,3,2,1,1
5,18,0,3,0,1,1
6,18,1,3,2,1,1
7,18,0,3,0,1,1
8,17,1,3,2,1,1
9,19,0,3,2,1,1
10,19,0,3,2,1,1
11,17,0,3,2,1,1
12,17,0,3,2,1,1
13,18,0,3,2,1,1
14,18,1,3,2,1,1
15,18,0,3,0,1,1
16,19,0,3,2,1,1
17,19,0,3,2,1,1
18,17,0,3,2,1,1
19,17,0,3,2,1,1
20,19,0,3,0,1,1
21,17,1,3,2,1,1
22,19,1,3,2,1,1
23,17,1,3,0,1,1
24,17,1,3,2,1,1
25,18,0,3,2,1,1
26,19,1,3,2,1,1
27,18,0,3,2,1,1
28,17,0,3,0,1,1
29,18,0,3,2,1,1
30,18,0,3,2,1,1
31,19,1,3,2,1,1
32,19,0,3,2,1,1
33,18,1,3,2,1,1
34,18,1,3,0,1,1
35,18,1,3,2,1,1
36,18,0,3,2,1,1
37,17,1,3,2,1,1
38,17,1,3,0,1,1
39,18,0,3,2,1,1
40,18,1,3,2,1,1
41,19,0,3,2,1,1
42,19,0,3,2,1,1
43,17,0,3,2,1,1
44,17,1,3,0,1,1
45,18,0,3,0,1,1
46,18,1,3,2,1,1
47,18,0,3,2,1,1
48,18,0,3,0,1,1
49,18,1,3,2,1,1
50,19,1,3,0,1,1
51,18,0,3,2,1,1
52,17,0,3,2,1,1
53,18,0,3,2,1,1
54,19,1,3,2,1,1
55,18,1,3,0,1,1
56,18,1,3,2,1,1
57,18,1,3,2,1,1
58,17,0,3,2,1,1
59,17,0,3,2,1,1
60,17,0,3,2,1,1
61,19,1,3,2,1,1
62,17,1,3,2,1,1
63,18,1,3,2,1,1
64,17,0,3,0,1,1
65,17,0,3,2,1,1
66,17,0,3,2,1,1
67,19,1,3,2,1,1
68,19,1,3,0,1,1
69,17,1,3,2,1,1
70,17,1,3,2,1,1
71,18,0,3,2,1,1
72,17,0,3,0,1,1
73,18,1,3,2,1,1
74,18,1,3,2,1,1
75,18,0,3,0,1,1
76,17,0,3,2,1,1
77,18,1,3,2,1,1
78,17,0,3,2,1,1
79,18,0,3,2,1,1
80,19,0,3,0,1,1
81,17,0,3,0,1,1
82,17,0,3,2,1,1
83,19,0,3,2,1,1
84,18,0,3,2,1,1
85,18,1,3,2,1,1
86,19,0,3,0,1,1
87,17,0,3,2,1,1
88,17,1,3,2,1,1
89,18,1,3,0,1,1
90,19,0,3,2,1,1
91,18,1,3,2,1,1
92,17,0,3,2,1,1
93,17,0,3,0,1,1
94,17,1,3,2,1,1
95,17,0,3,2,1,1
96,17,0,3,0,1,1
97,18,1,3,2,1,1
98,19,1,3,2,1,1
99,17,1,3,2,1,1
100,18,0,3,2,1,1
101,17,0,3,2,1,1
102,19,0,3,2,1,1
103,18,1,3,2,1,1
104,17,0,3,0,1,1
105,17,1,3,2,1,1
106,18,0,3,2,1,1
107,17,1,3,2,1,1
108,17,0,3,2,1,1
109,19,1,3,2,1,1
110,18,0,3,2,1,1
111,19,0,3,0,1,1
112,18,0,3,2,1,1
113,18,1,3,0,1,1
114,17,1,3,0,1,1
115,19,0,3,2,1,1
116,17,0,3,0,1,1
117,17,0,3,0,1,1
118,17,1,3,2,1,1
119,19,0,3,2,1,1
120,19,0,3,0,1,1
121,17,1,3,0,1,1
122,18,0,3,2,1,1
123,18,0,3,0,1,1
124,19,0,3,0,1,1
125,18,0,3,2,1,1
126,19,1,3,2,1,1
127,19,1,3,2,1,1
128,18,0,3,0,1,1
129,17,1,3,2,1,1
130,17,1,3,2,1,1
131,18,1,3,2,1,1
132,17,1,3,2,1,1
133,18,1,3,2,1,1
134,19,0,3,0,1,1
135,18,1,3,0,1,1
136,18,0,3,2,1,1
137,18,1,3,0,1,1
138,18,1,3,2,1,1
139,18,1,3,0,1,1
140,19,1,3,2,1,1
141,18,1,3,2,1,1
142,19,0,3,0,1,1
143,18,1,3,2,1,1
144,18,0,3,0,1,1
145,19,0,3,2,1,1
146,18,0,3,2,1,1
147,18,0,3,2,1,1
148,17,1,3,2,1,1
149,17,0,3,2,1,1
150,18,0,3,2,1,1
151,18,0,3,0,1,1
152,17,0,3,0,1,1
153,19,0,3,2,1,1
154,17,1,3,0,1,1
155,18,1,3,2,1,1
156,18,0,3,2,1,1
157,18,0,3,2,1,1
158,18,1,3,2,1,1
159,19,1,3,2,1,1
160,19,0,3,0,1,1
161,18,0,3,0,1,1
162,17,0,3,2,1,1
163,18,1,3,2,1,1
164,17,0,3,0,1,1
165,18,1,3,2,1,1
166,17,1,3,2,1,1
167,17,1,3,2,1,1
168,17,0,3,2,1,1
169,19,0,3,2,1,1
170,18,1,3,2,1,1
171,18,0,3,2,1,1
172,18,0,3,2,1,1
173,17,0,3,0,1,1
174,17,0,3,0,1,1
175,19,0,3,2,1,1
176,18,1,3,2,1,1
177,18,0,3,0,1,1
178,19,0,3,2,1,1
179,19,0,3,2,1,1
180,17,1,3,2,1,1
181,19,0,3,2,1,1
182,18,0,3,2,1,1
183,17,1,3,0,1,1
184,19,1,3,2,1,1
185,19,0,3,2,1,1
186,18,0,3,0,1,1
187,19,1,3,2,1,1
188,17,0,3,2,1,1
189,17,0,3,2,1,1
190,17,1,3,2,1,1
191,18,1,3,0,1,1
192,17,0,3,2,1,1
193,19,0,3,0,1,1
194,18,1,3,0,1,1
195,19,0,3,2,1,1
196,17,1,3,0,1,1
197,17,0,3,2,1,1
198,17,1,3,2,1,1
199,17,0,3,2,1,1
200,17,0,3,0,1,1
201,18,0,3,2,1,1
202,19,0,3,2,1,1
203,19,1,3,2,1,1
204,19,0,3,2,1,1
205,17,0,3,2,1,1
206,17,1,3,2,1,1
207,17,1,3,2,1,1
208,18,1,3,2,1,1
209,19,1,3,2,1,1
210,19,0,3,2,1,1
211,17,1,3,2,1,1
212,19,0,3,2,1,1
213,18,1,3,2,1,1
214,19,0,3,0,1,1
215,18,1,3,2,1,1
216,19,0,3,2,1,1
217,19,0,3,0,1,1
218,17,1,3,2,1,1
219,17,0,3,2,1,1
220,17,1,3,0,1,1
221,19,1,3,0,1,1
222,18,1,3,2,1,1
223,17,0,3,2,1,1
224,19,1,3,2,1,1
225,19,0,3,2,1,1
226,17,0,3,2,1,1
227,17,0,3,2,1,1
228,17,1,3,2,1,1
229,18,0,3,2,1,1
230,17,1,3,2,1,1
231,17,0,3,0,1,1
232,18,1,3,0,1,1
233,19,1,3,2,1,1
234,17,0,3,0,1,1
235,18,1,3,2,1,1
236,18,1,3,2,1,1
237,18,1,3,2,1,1
238,18,0,3,2,1,1
239,19,1,3,2,1,1
240,18,1,3,2,1,1
241,19,1,3,2,1,1
242,18,0,3,2,1,1
243,17,0,3,2,1,1
244,17,0,3,0,1,1
245,19,0,3,0,1,1
246,19,0,3,0,1,1
247,17,0,3,0,1,1
248,18,1,3,0,1,1
249,17,1,3,2,1,1
250,18,1,3,2,1,1
251,17,0,3,0,1,1
252,18,0,3,2,1,1
253,17,1,3,0,1,1
254,19,0,3,2,1,1
255,18,1,3,2,1,1
256,19,1,3,2,1,1
257,18,1,3,2,1,1
258,18,0,3,0,1,1
259,18,1,3,2,1,1
260,19,0,3,0,1,1
261,17,0,3,0,1,1
262,19,1,3,2,1,1
263,17,0,3,2,1,1
264,19,0,3,2,1,1
265,18,0,3,2,1,1
266,17,0,3,2,1,1
267,18,1,3,2,1,1
268,18,0,3,2,1,1
269,18,0,3,2,1,1
270,17,1,3,2,1,1
271,19,0,3,2,1,1
272,18,0,3,2,1,1
273,18,0,3,2,1,1
274,17,1,3,2,1,1
275,19,0,3,2,1,1
276,19,1,3,2,1,1
277,18,0,3,2,1,1
278,19,1,3,0,1,1
279,17,1,3,2,1,1
280,19,0,3,2,1,1
281,19,1,3,2,1,1
282,17,1,3,2,1,1
283,18,0,3,2,1,1
284,18,0,3,2,1,1
285,17,0,3,2,1,1
286,18,0,3,0,1,1
287,19,0,3,0,1,1
288,17,0,3,2,1,1
289,18,0,3,2,1,1
290,19,0,3,0,1,1
291,17,0,3,2,1,1
292,17,0,3,2,1,1
293,18,1,3,2,1,1
294,19,0,3,2,1,1
295,17,1,3,2,1,1
296,18,1,3,2,1,1
297,18,0,3,2,1,1
298,19,0,3,2,1,1
299,19,1,3,2,1,1
300,18,0,3,2,1,1
301,17,0,3,0,1,1
302,19,1,3,2,1,1
303,18,0,3,2,1,1
304,17,0,3,2,1,1
305,17,1,3,0,1,1
306,17,0,3,0,1,1
307,18,0,3,0,1,1
308,19,0,3,2,1,1
309,18,0,3,2,1,1
310,19,0,3,2,1,1
311,18,0,3,2,1,1
312,19,1,3,2,1,1
313,19,1,3,0,1,1
314,17,0,3,2,1,1
315,18,1,3,0,1,1
316,17,0,3,0,1,1
317,19,1,3,2,1,1
318,18,0,3,2,1,1
319,17,0,3,0,1,1
320,19,1,3,2,1,1
321,18,0,3,2,1,1
322,17,0,3,0,1,1
323,17,0,3,2,1,1
324,17,0,3,2,1,1
325,18,1,3,2,1,1
326,18,0,3,2,1,1
327,17,0,3,0,1,1
328,19,0,3,2,1,1
329,17,0,3,0,1,1
330,19,1,3,2,1,1
331,18,1,3,2,1,1
332,19,0,3,2,1,1
333,17,1,3,2,1,1
334,18,0,3,2,1,1
335,18,0,3,2,1,1
336,18,1,3,0,1,1
337,18,0,3,2,1,1
338,19,0,3,0,1,1
339,17,0,3,2,1,1
340,19,0,3,2,1,1
341,17,1,3,2,1,1
342,19,1,3,0,1,1
343,17,0,3,0,1,1
344,18,0,3,2,1,1
345,18,0,3,2,1,1
346,19,0,3,2,1,1
347,19,1,3,2,1,1
348,18,0,3,2,1,1
349,17,1,3,2,1,1
350,18,1,3,2,1,1
351,17,1,3,2,1,1
352,19,0,3,0,1,1
353,19,0,3,2,1,1
354,18,1,3,2,1,1
355,19,0,3,2,1,1
356,19,0,3,2,1,1
357,18,0,3,0,1,1
358,17,0,3,2,1,1
359,18,1,3,0,1,1
360,18,0,3,2,1,1
361,19,0,3,2,1,1
362,17,1,3,0,1,1
363,18,0,3,2,1,1
364,19,1,3,2,1,1
365,18,1,3,2,1,1
366,17,0,3,2,1,1
367,18,1,3,2,1,1
368,18,0,3,2,1,1
369,17,0,3,2,1,1
370,17,1,3,0,1,1
371,18,0,3,2,1,1
372,19,0,3,2,1,1
373,19,0,3,2,1,1
374,18,0,3,2,1,1
375,18,0,3,2,1,1
376,18,0,3,2,1,1
377,17,0,3,2,1,1
378,18,0,3,2,1,1
379,17,1,3,2,1,1
380,19,1,3,0,1,1
381,17,0,3,0,1,1
382,18,1,3,0,1,1
383,18,0,3,2,1,1
384,19,0,3,2,1,1
385,19,1,3,2,1,1
386,18,1,3,0,1,1
387,17,0,3,2,1,1
388,18,1,3,2,1,1
389,18,1,3,0,1,1
390,19,1,3,2,1,1
391,19,0,3,2,1,1
392,17,0,3,2,1,1
393,18,1,3,2,1,1
394,18,1,3,2,1,1
395,17,0,3,2,1,1
396,19,0,3,2,1,1
397,18,0,3,0,1,1
398,19,1,3,2,1,1
399,17,1,3,2,1,1
400,18,1,3,2,1,1
401,18,1,3,2,1,1
402,19,0,3,2,1,1
403,17,0,3,2,1,1
404,17,0,3,2,1,1
405,18,0,3,0,1,1
406,17,0,3,2,1,1
407,18,0,3,2,1,1
408,17,0,3,2,1,1
409,19,1,3,2,1,1
410,17,1,3,2,1,1
411,19,0,3,0,1,1
412,19,0,3,2,1,1
413,17,0,3,0,1,1
414,18,1,3,0,1,1
415,17,0,3,2,1,1
416,19,0,3,0,1,1
417,17,1,3,2,1,1
418,18,0,3,2,1,1
419,18,1,3,2,1,1
420,18,0,3,2,1,1
421,19,0,3,0,1,1
422,17,1,3,2,1,1
423,17,0,3,0,1,1
424,17,1,3,2,1,1
425,19,1,3,2,1,1
426,18,0,3,2,1,1
427,18,0,3,2,1,1
428,19,0,3,2,1,1
429,19,0,3,0,1,1
430,19,1,3,2,1,1
431,18,1,3,2,1,1
432,18,0,3,2,1,1
433,17,0,3,2,1,1
434,19,0,3,2,1,1
435,17,1,3,0,1,1
436,17,0,3,0,1,1
437,18,1,3,2,1,1
438,17,1,3,2,1,1
439,18,1,3,0,1,1
440,19,0,3,0,1,1
441,17,0,3,2,1,1
442,19,0,3,2,1,1
443,18,1,3,2,1,1
444,18,1,3,2,1,1
445,18,1,3,0,1,1
446,19,1,3,0,1,1
447,19,1,3,0,1,1
448,19,0,3,2,1,1
449,18,0,3,2,1,1
450,17,1,3,2,1,1
451,19,0,3,2,1,1
452,18,1,3,0,1,1
453,18,0,3,0,1,1
454,17,0,3,2,1,1
455,19,0,3,2,1,1
456,17,1,3,2,1,1
457,18,0,3,2,1,1
458,19,0,3,2,1,1
459,17,1,3,2,1,1
460,19,0,3,2,1,1
461,18,1,3,2,1,1
462,17,0,3,2,1,1
463,18,1,3,2,1,1
464,18,1,3,2,1,1
465,17,0,3,0,1,1
466,19,0,3,0,1,1
467,17,1,3,2,1,1
468,18,1,3,0,1,1
469,18,1,3,0,1,1
470,18,1,3,0,1,1
471,19,0,3,2,1,1
472,17,0,3,2,1,1
473,19,0,3,2,1,1
474,17,1,3,2,1,1
475,19,1,3,2,1,1
476,18,0,3,2,1,1
477,18,1,3,0,1,1
478,19,1,3,2,1,1
479,17,1,3,2,1,1
480,19,0,3,2,1,1
481,19,1,3,2,1,1
482,19,1,3,2,1,1
483,17,1,3,2,1,1
484,19,1,3,0,1,1
485,19,0,3,2,1,1
486,18,0,3,2,1,1
487,17,1,3,2,1,1
488,18,0,3,0,1,1
489,19,0,3,2,1,1
490,19,1,3,2,1,1
491,17,0,3,2,1,1
492,17,1,3,2,1,1
493,18,0,3,2,1,1
494,19,0,3,0,1,1
495,18,0,3,0,1,1
496,17,0,3,2,1,1
497,18,1,3,2,1,1
498,19,0,3,2,1,1
499,17,0,3,0,1,1
500,19,0,3,2,1,1
501,19,1,3,2,1,1
502,20,0,3,2,1,1
503,19,1,3,2,1,1
504,20,1,3,2,1,1
505,18,0,3,0,1,1
506,18,1,3,2,1,1
507,20,1,3,0,1,1
508,19,0,3,2,1,1
509,20,0,3,0,1,1
510,19,1,3,2,1,1
511,19,0,3,2,1,1
512,18,1,3,2,1,1
513,18,0,3,2,1,1
514,19,1,3,2,1,1
515,19,0,3,2,1,1
516,19,0,3,0,1,1
517,20,1,3,2,1,1
518,19,1,3,2,1,1
519,18,0,3,2,1,1
520,18,1,3,2,1,1
521,19,0,3,2,1,1
522,20,1,3,2,1,1
523,18,1,3,2,1,1
524,18,0,3,2,1,1
525,20,0,3,0,1,1
526,18,1,3,2,1,1
527,19,0,3,2,1,1
528,19,0,3,2,1,1
529,19,0,3,2,1,1
530,18,0,3,2,1,1
531,19,1,3,2,1,1
532,20,0,3,2,1,1
533,18,0,3,2,1,1
534,20,1,3,2,1,1
535,18,0,3,0,1,1
536,18,1,3,2,1,1
537,18,1,3,2,1,1
538,18,1,3,0,1,1
539,20,1,3,2,1,1
540,18,0,3,2,1,1
541,19,0,3,0,1,1
542,19,1,3,2,1,1
543,19,0,3,2,1,1
544,20,0,3,2,1,1
545,18,0,3,2,1,1
546,20,0,3,2,1,1
547,18,0,3,2,1,1
548,19,0,3,0,1,1
549,20,0,3,2,1,1
550,19,0,3,2,1,1
551,20,1,3,0,1,1
552,20,1,3,2,1,1
553,20,0,3,0,1,1
554,18,1,3,2,1,1
555,19,1,3,2,1,1
556,20,0,3,0,1,1
557,20,1,3,2,1,1
558,20,0,3,2,1,1
559,19,0,3,2,1,1
560,20,0,3,2,1,1
561,20,0,3,2,1,1
562,18,0,3,2,1,1
563,20,0,3,2,1,1
564,20,1,3,0,1,1
565,18,0,3,2,1,1
566,20,0,3,2,1,1
567,18,1,3,2,1,1
568,20,1,3,2,1,1
569,19,0,3,2,1,1
570,20,0,3,0,1,1
571,18,0,3,2,1,1
572,18,0,3,0,1,1
573,20,0,3,2,1,1
574,19,0,3,2,1,1
575,20,0,3,2,1,1
576,18,1,3,2,1,1
577,19,0,3,2,1,1
578,20,1,3,2,1,1
579,20,1,3,2,1,1
580,19,0,3,2,1,1
581,19,0,3,2,1,1
582,20,1,3,0,1,1
583,18,1,3,0,1,1
584,20,1,3,2,1,1
585,18,0,3,0,1,1
586,19,0,3,2,1,1
587,19,0,3,2,1,1
588,19,0,3,0,1,1
589,18,0,3,2,1,1
590,18,1,3,0,1,1
591,20,1,3,0,1,1
592,20,1,3,2,1,1
593,20,1,3,2,1,1
594,18,0,3,2,1,1
595,20,1,3,0,1,1
596,18,0,3,2,1,1
597,19,1,3,0,1,1
598,20,0,3,2,1,1
599,18,0,3,2,1,1
600,19,1,3,2,1,1
601,18,0,3,2,1,1
602,19,0,3,2,1,1
603,18,1,3,2,1,1
604,19,1,3,0,1,1
605,20,0,3,2,1,1
606,19,0,3,2,1,1
607,18,1,3,2,1,1
608,19,1,3,0,1,1
609,20,0,3,0,1,1
610,18,0,3,2,1,1
611,19,0,3,2,1,1
612,19,1,3,2,1,1
613,20,1,3,2,1,1
614,19,1,3,2,1,1
615,18,1,3,2,1,1
616,20,0,3,0,1,1
617,19,1,3,0,1,1
618,18,0,3,2,1,1
619,19,0,3,2,1,1
620,18,0,3,2,1,1
621,19,0,3,2,1,1
622,19,0,3,2,1,1
623,19,0,3,2,1,1
624,18,0,3,2,1,1
625,19,1,3,2,1,1
626,20,1,3,2,1,1
627,19,1,3,2,1,1
628,19,0,3,2,1,1
629,19,0,3,0,1,1
630,19,0,3,2,1,1
631,20,0,3,2,1,1
632,18,0,3,0,1,1
633,20,1,3,2,1,1
634,19,0,3,2,1,1
635,20,0,3,0,1,1
636,19,0,3,2,1,1
637,18,1,3,2,1,1
638,20,0,3,2,1,1
639,20,0,3,2,1,1
640,18,0,3,2,1,1
641,19,1,3,0,1,1
642,20,1,3,2,1,1
643,20,0,3,2,1,1
644,19,0,3,0,1,1
645,19,1,3,2,1,1
646,18,1,3,2,1,1
647,19,0,3,2,1,1
648,19,0,3,0,1,1
649,20,1,3,2,1,1
650,18,1,3,2,1,1
651,20,0,3,2,1,1
652,20,1,3,2,1,1
653,20,0,3,2,1,1
654,18,1,3,2,1,1
655,20,0,3,0,1,1
656,19,0,3,0,1,1
657,20,0,3,0,1,1
658,18,1,3,0,1,1
659,20,0,3,2,1,1
660,20,0,3,2,1,1
661,20,1,3,2,1,1
662,18,0,3,0,1,1
663,19,1,3,2,1,1
664,20,0,3,2,1,1
665,18,0,3,0,1,1
666,18,1,3,2,1,1
667,20,0,3,2,1,1
668,18,0,3,2,1,1
669,18,0,3,2,1,1
670,18,0,3,2,1,1
671,19,1,3,2,1,1
672,20,1,3,0,1,1
673,18,1,3,2,1,1
674,19,1,3,2,1,1
675,18,0,3,2,1,1
676,18,1,3,2,1,1
677,20,0,3,2,1,1
678,19,1,3,2,1,1
679,18,0,3,2,1,1
680,19,1,3,2,1,1
681,20,1,3,0,1,1
682,18,1,3,2,1,1
683,20,0,3,2,1,1
684,19,0,3,2,1,1
685,19,0,3,2,1,1
686,20,0,3,0,1,1
687,18,1,3,2,1,1
688,18,1,3,2,1,1
689,19,0,3,2,1,1
690,20,1,3,2,1,1
691,19,0,3,2,1,1
692,18,0,3,2,1,1
693,20,0,3,0,1,1
694,20,1,3,2,1,1
695,18,0,3,2,1,1
696,19,0,3,2,1,1
697,20,1,3,2,1,1
698,18,0,3,2,1,1
699,18,0,3,2,1,1
700,19,0,3,2,1,1
701,18,1,3,2,1,1
702,20,0,3,2,1,1
703,19,1,3,2,1,1
704,20,0,3,2,1,1
705,18,0,3,2,1,1
706,19,0,3,2,1,1
707,19,1,3,2,1,1
708,19,0,3,2,1,1
709,19,0,3,2,1,1
710,18,0,3,2,1,1
711,20,1,3,0,1,1
712,19,0,3,2,1,1
713,20,1,3,2,1,1
714,20,1,3,2,1,1
715,18,1,3,2,1,1
716,19,0,3,2,1,1
717,19,0,3,0,1,1
718,20,1,3,2,1,1
719,18,0,3,2,1,1
720,19,0,3,2,1,1
721,20,0,3,2,1,1
722,18,0,3,2,1,1
723,18,0,3,2,1,1
724,20,1,3,2,1,1
725,19,0,3,2,1,1
726,19,1,3,2,1,1
727,18,1,3,2,1,1
728,20,0,3,2,1,1
729,19,0,3,2,1,1
730,19,1,3,2,1,1
731,18,1,3,0,1,1
732,20,0,3,2,1,1
733,20,1,3,2,1,1
734,18,0,3,2,1,1
735,19,1,3,2,1,1
736,20,0,3,0,1,1
737,20,1,3,0,1,1
738,18,0,3,2,1,1
739,20,0,3,2,1,1
740,18,1,3,2,1,1
741,18,0,3,2,1,1
742,20,0,3,0,1,1
743,19,0,3,2,1,1
744,18,0,3,2,1,1
745,20,0,3,0,1,1
746,19,0,3,2,1,1
747,19,0,3,2,1,1
748,19,1,3,2,1,1
749,18,0,3,2,1,1
750,18,1,3,2,1,1
751,19,1,3,2,1,1
752,18,0,3,2,1,1
753,20,0,3,2,1,1
754,19,0,3,2,1,1
755,20,0,3,2,1,1
756,20,1,3,2,1,1
757,19,0,3,2,1,1
758,19,0,3,2,1,1
759,20,0,3,2,1,1
760,20,0,3,2,1,1
761,18,1,3,2,1,1
762,19,0,3,2,1,1
763,18,1,3,2,1,1
764,18,0,3,2,1,1
765,20,0,3,2,1,1
766,19,0,3,2,1,1
767,18,0,3,2,1,1
768,20,0,3,2,1,1
769,20,0,3,0,1,1
770,18,0,3,2,1,1
771,20,0,3,2,1,1
772,18,0,3,0,1,1
773,20,0,3,2,1,1
774,18,0,3,2,1,1
775,20,1,3,0,1,1
776,20,0,3,2,1,1
777,19,0,3,0,1,1
778,18,0,3,2,1,1
779,19,0,3,0,1,1
780,18,1,3,2,1,1
781,19,1,3,2,1,1
782,19,0,3,0,1,1
783,19,1,3,2,1,1
784,19,1,3,2,1,1
785,19,0,3,2,1,1
786,20,0,3,2,1,1
787,19,0,3,2,1,1
788,18,1,3,2,1,1
789,19,1,3,2,1,1
790,20,0,3,2,1,1
791,18,0,3,2,1,1
792,20,1,3,0,1,1
793,19,1,3,0,1,1
794,20,0,3,0,1,1
795,19,0,3,2,1,1
796,18,1,3,2,1,1
797,19,1,3,0,1,1
798,18,1,3,2,1,1
799,18,0,3,2,1,1
800,18,0,3,0,1,1
801,19,0,3,2,1,1
802,18,0,3,2,1,1
803,19,0,3,2,1,1
804,19,1,3,2,1,1
805,20,1,3,2,1,1
806,19,1,3,0,1,1
807,18,0,3,0,1,1
808,20,1,3,2,1,1
809,18,0,3,2,1,1
810,19,0,3,0,1,1
811,20,1,3,2,1,1
812,20,0,3,2,1,1
813,20,0,3,2,1,1
814,18,1,3,2,1,1
815,18,0,3,0,1,1
816,19,0,3,2,1,1
817,18,0,3,0,1,1
818,20,1,3,2,1,1
819,20,0,3,2,1,1
820,18,1,3,2,1,1
821,20,1,3,2,1,1
822,20,0,3,2,1,1
823,19,0,3,2,1,1
824,18,1,3,2,1,1
825,20,1,3,2,1,1
826,20,1,3,2,1,1
827,20,0,3,2,1,1
828,18,0,3,2,1,1
829,18,0,3,2,1,1
830,20,0,3,0,1,1
831,20,0,3,2,1,1
832,20,0,3,2,1,1
833,20,1,3,2,1,1
834,18,1,3,0,1,1
835,20,1,3,2,1,1
836,19,1,3,2,1,1
837,19,0,3,2,1,1
838,18,0,3,0,1,1
839,18,0,3,0,1,1
840,18,0,3,2,1,1
841,19,0,3,0,1,1
842,18,0,3,2,1,1
843,19,0,3,2,1,1
844,19,1,3,2,1,1
845,18,1,3,0,1,1
846,20,1,3,2,1,1
847,19,1,3,2,1,1
848,18,0,3,2,1,1
849,20,0,3,2,1,1
850,19,1,3,2,1,1
851,18,1,3,2,1,1
852,20,1,3,2,1,1
853,19,0,3,0,1,1
854,20,1,3,2,1,1
855,19,1,3,2,1,1
856,18,0,3,2,1,1
857,18,0,3,0,1,1
858,20,0,3,0,1,1
859,19,0,3,2,1,1
860,20,1,3,2,1,1
861,19,1,3,2,1,1
862,19,0,3,2,1,1
863,18,1,3,2,1,1
864,19,0,3,2,1,1
865,20,1,3,0,1,1
866,20,1,3,2,1,1
867,20,0,3,0,1,1
868,18,0,3,2,1,1
869,20,1,3,2,1,1
870,19,0,3,2,1,1
871,19,0,3,0,1,1
872,20,1,3,2,1,1
873,20,1,3,2,1,1
874,18,0,3,2,1,1
875,18,1,3,2,1,1
876,18,0,3,2,1,1
877,19,1,3,2,1,1
878,18,1,3,0,1,1
879,20,0,3,0,1,1
880,18,1,3,2,1,1
881,20,0,3,2,1,1
882,18,1,3,0,1,1
883,18,0,3,2,1,1
884,19,0,3,2,1,1
885,20,1,3,2,1,1
886,19,0,3,2,1,1
887,18,0,3,2,1,1
888,20,1,3,0,1,1
889,19,0,3,0,1,1
890,18,1,3,2,1,1
891,18,0,3,0,1,1
892,20,0,3,0,1,1
893,20,1,3,2,1,1
894,19,0,3,0,1,1
895,19,1,3,2,1,1
896,19,0,3,2,1,1
897,19,0,3,0,1,1
898,20,1,3,2,1,1
899,19,0,3,2,1,1
900,18,1,3,2,1,1
901,18,0,3,0,1,1
902,19,0,3,0,1,1
903,20,0,3,2,1,1
904,20,0,3,2,1,1
905,20,1,3,2,1,1
906,20,0,3,2,1,1
907,19,0,3,2,1,1
908,18,0,3,2,1,1
909,19,0,3,0,1,1
910,20,1,3,2,1,1
911,20,0,3,0,1,1
912,19,0,3,2,1,1
913,18,1,3,2,1,1
914,19,1,3,2,1,1
915,18,0,3,2,1,1
916,20,0,3,2,1,1
917,19,0,3,2,1,1
918,19,0,3,2,1,1
919,19,1,3,2,1,1
920,20,0,3,2,1,1
921,20,0,3,2,1,1
922,19,1,3,2,1,1
923,18,0,3,2,1,1
924,20,1,3,2,1,1
925,19,0,3,2,1,1
926,19,0,3,0,1,1
927,19,1,3,2,1,1
928,19,0,3,2,1,1
929,18,0,3,2,1,1
930,19,0,3,2,1,1
931,18,0,3,2,1,1
932,18,0,3,2,1,1
933,18,1,3,2,1,1
934,19,1,3,2,1,1
935,19,0,3,2,1,1
936,20,1,3,0,1,1
937,19,0,3,2,1,1
938,19,0,3,2,1,1
939,18,0,3,2,1,1
940,19,0,3,2,1,1
941,18,0,3,2,1,1
942,20,1,3,2,1,1
943,20,0,3,2,1,1
944,18,0,3,2,1,1
945,19,0,3,2,1,1
946,18,0,3,2,1,1
947,20,1,3,2,1,1
948,18,0,3,2,1,1
949,20,1,3,0,1,1
950,19,0,3,2,1,1
951,18,1,3,2,1,1
952,19,0,3,2,1,1
953,19,1,3,2,1,1
954,20,1,3,2,1,1
955,19,0,3,2,1,1
956,18,0,3,2,1,1
957,20,0,3,2,1,1
958,18,0,3,0,1,1
959,19,1,3,2,1,1
960,19,1,3,2,1,1
961,20,0,3,2,1,1
962,20,0,3,2,1,1
963,18,0,3,2,1,1
964,18,0,3,0,1,1
965,20,0,3,2,1,1
966,20,0,3,2,1,1
967,19,0,3,2,1,1
968,19,0,3,2,1,1
969,20,0,3,2,1,1
970,19,1,3,0,1,1
971,19,0,3,2,1,1
972,18,0,3,0,1,1
973,18,0,3,2,1,1
974,18,0,3,0,1,1
975,19,0,3,2,1,1
976,18,0,3,0,1,1
977,19,0,3,0,1,1
978,18,0,3,2,1,1
979,20,0,3,0,1,1
980,20,0,3,2,1,1
981,19,1,3,2,1,1
982,18,1,3,2,1,1
983,20,1,3,2,1,1
984,19,0,3,2,1,1
985,18,0,3,2,1,1
986,20,0,3,2,1,1
987,18,0,3,2,1,1
988,20,0,3,2,1,1
989,18,0,3,2,1,1
990,18,0,3,0,1,1
991,18,0,3,0,1,1
992,19,0,3,2,1,1
993,20,0,3,0,1,1
994,19,0,3,2,1,1
995,19,0,3,2,1,1
996,18,1,3,2,1,1
997,19,1,3,2,1,1
998,19,1,3,2,1,1
999,19,1,3,2,1,1
1000,20,0,3,0,1,1
1001,21,0,3,2,1,1
1002,21,0,3,2,1,1
1003,20,0,3,2,1,1
1004,21,0,3,0,1,1
1005,20,0,3,2,1,1
1006,20,1,3,2,1,1
1007,19,1,3,2,1,1
1008,19,0,3,2,1,1
1009,20,0,3,2,1,1
1010,20,0,3,2,1,1
1011,21,0,3,2,1,1
1012,21,0,3,0,1,1
1013,20,1,3,2,1,1
1014,19,1,3,2,1,1
1015,19,0,3,2,1,1
1016,20,1,3,0,1,1
1017,21,0,3,2,1,1
1018,21,0,3,2,1,1
1019,21,0,3,0,1,1
1020,20,1,3,2,1,1
1021,21,1,3,2,1,1
1022,21,1,3,2,1,1
1023,19,1,3,2,1,1
1024,21,0,3,0,1,1
1025,19,0,3,2,1,1
1026,20,0,3,2,1,1
1027,19,0,3,2,1,1
1028,21,0,3,2,1,1
1029,19,1,3,2,1,1
1030,21,1,3,2,1,1
1031,20,0,3,0,1,1
1032,20,0,3,2,1,1
1033,19,1,3,2,1,1
1034,19,0,3,2,1,1
1035,21,1,3,2,1,1
1036,20,0,3,2,1,1
1037,20,1,3,2,1,1
1038,21,1,3,2,1,1
1039,20,1,3,0,1,1
1040,21,1,3,2,1,1
1041,19,0,3,2,1,1
1042,21,0,3,0,1,1
1043,20,0,3,2,1,1
1044,20,0,3,2,1,1
1045,19,0,3,0,1,1
1046,19,1,3,2,1,1
1047,19,1,3,2,1,1
1048,19,0,3,0,1,1
1049,19,1,3,2,1,1
1050,20,0,3,2,1,1
1051,21,1,3,2,1,1
1052,19,1,3,0,1,1
1053,21,0,3,0,1,1
1054,19,1,3,2,1,1
1055,21,0,3,0,1,1
1056,20,0,3,2,1,1
1057,21,0,3,2,1,1
1058,19,0,3,2,1,1
1059,21,0,3,2,1,1
1060,19,1,3,0,1,1
1061,19,0,3,2,1,1
1062,21,1,3,2,1,1
1063,21,1,3,0,1,1
1064,21,0,3,2,1,1
1065,19,0,3,2,1,1
1066,21,0,3,0,1,1
1067,20,1,3,2,1,1
1068,21,0,3,0,1,1
1069,20,0,3,2,1,1
1070,19,0,3,2,1,1
1071,20,0,3,2,1,1
1072,19,1,3,0,1,1
1073,21,1,3,2,1,1
1074,19,0,3,0,1,1
1075,21,0,3,2,1,1
1076,21,1,3,2,1,1
1077,21,1,3,2,1,1
1078,19,1,3,2,1,1
1079,19,0,3,2,1,1
1080,20,0,3,2,1,1
1081,19,0,3,2,1,1
1082,21,0,3,0,1,1
1083,20,0,3,2,1,1
1084,20,1,3,2,1,1
1085,19,0,3,2,1,1
1086,19,1,3,0,1,1
1087,21,0,3,2,1,1
1088,21,0,3,0,1,1
1089,19,0,3,2,1,1
1090,20,0,3,2,1,1
1091,20,0,3,2,1,1
1092,21,0,3,2,1,1
1093,19,0,3,2,1,1
1094,19,0,3,2,1,1
1095,20,0,3,0,1,1
1096,19,0,3,0,1,1
1097,21,0,3,2,1,1
1098,19,1,3,2,1,1
1099,20,1,3,0,1,1
1100,19,0,3,2,1,1
1101,21,0,3,0,1,1
1102,20,0,3,0,1,1
1103,19,1,3,0,1,1
1104,19,1,3,2,1,1
1105,21,0,3,2,1,1
1106,21,0,3,2,1,1
1107,20,1,3,2,1,1
1108,21,0,3,2,1,1
1109,21,0,3,2,1,1
1110,19,0,3,2,1,1
1111,21,0,3,2,1,1
1112,20,1,3,2,1,1
1113,20,1,3,0,1,1
1114,20,0,3,2,1,1
1115,21,0,3,2,1,1
1116,20,1,3,2,1,1
1117,19,0,3,0,1,1
1118,20,0,3,2,1,1
1119,20,0,3,0,1,1
1120,21,0,3,0,1,1
1121,19,0,3,2,1,1
1122,19,1,3,2,1,1
1123,20,1,3,2,1,1
1124,19,0,3,0,1,1
1125,20,0,3,0,1,1
1126,20,0,3,2,1,1
1127,19,1,3,2,1,1
1128,21,0,3,2,1,1
1129,19,1,3,2,1,1
1130,21,0,3,2,1,1
1131,19,0,3,2,1,1
1132,19,1,3,2,1,1
1133,19,0,3,2,1,1
1134,19,0,3,2,1,1
1135,19,1,3,2,1,1
1136,21,0,3,2,1,1
1137,19,0,3,2,1,1
1138,19,0,3,2,1,1
1139,19,0,3,2,1,1
1140,20,0,3,2,1,1
1141,21,0,3,2,1,1
1142,19,1,3,2,1,1
1143,21,0,3,2,1,1
1144,19,0,3,2,1,1
1145,21,1,3,2,1,1
1146,21,0,3,0,1,1
1147,21,0,3,2,1,1
1148,21,0,3,2,1,1
1149,20,0,3,0,1,1
1150,19,0,3,0,1,1
1151,20,0,3,2,1,1
1152,20,1,3,2,1,1
1153,20,0,3,0,1,1
1154,21,0,3,0,1,1
1155,20,0,3,0,1,1
1156,20,0,3,0,1,1
1157,20,1,3,2,1,1
1158,20,0,3,2,1,1
1159,20,0,3,2,1,1
1160,20,0,3,2,1,1
1161,19,0,3,2,1,1
1162,20,0,3,2,1,1
1163,21,0,3,2,1,1
1164,20,1,3,2,1,1
1165,19,0,3,2,1,1
1166,20,0,3,2,1,1
1167,20,1,3,0,1,1
1168,19,1,3,2,1,1
1169,21,1,3,2,1,1
1170,21,0,3,2,1,1
1171,20,1,3,0,1,1
1172,21,0,3,2,1,1
1173,20,0,3,2,1,1
1174,20,0,3,2,1,1
1175,21,0,3,0,1,1
1176,19,0,3,2,1,1
1177,19,1,3,2,1,1
1178,19,0,3,2,1,1
1179,21,1,3,0,1,1
1180,20,0,3,2,1,1
1181,20,1,3,2,1,1
1182,20,1,3,2,1,1
1183,21,0,3,0,1,1
1184,19,1,3,2,1,1
1185,20,1,3,2,1,1
1186,20,1,3,2,1,1
1187,21,0,3,0,1,1
1188,19,1,3,0,1,1
1189,20,1,3,0,1,1
1190,20,1,3,0,1,1
1191,20,0,3,2,1,1
1192,21,1,3,2,1,1
1193,21,0,3,2,1,1
1194,21,0,3,2,1,1
1195,19,0,3,2,1,1
1196,21,1,3,0,1,1
1197,21,0,3,0,1,1
1198,20,0,3,2,1,1
1199,20,0,3,0,1,1
1200,19,1,3,2,1,1
1201,21,1,3,2,1,1
1202,21,0,3,2,1,1
1203,21,1,3,0,1,1
1204,21,0,3,2,1,1
1205,20,0,3,2,1,1
1206,20,1,3,2,1,1
1207,21,1,3,2,1,1
1208,21,0,3,2,1,1
1209,21,0,3,2,1,1
1210,20,1,3,0,1,1
1211,19,0,3,2,1,1
1212,19,1,3,2,1,1
1213,19,1,3,2,1,1
1214,20,1,3,0,1,1
1215,19,0,3,2,1,1
1216,20,0,3,2,1,1
1217,21,1,3,2,1,1
1218,21,0,3,2,1,1
1219,20,1,3,2,1,1
1220,20,1,3,0,1,1
1221,20,0,3,2,1,1
1222,20,0,3,2,1,1
1223,20,0,3,0,1,1
1224,21,1,3,0,1,1
1225,19,1,3,2,1,1
1226,21,1,3,2,1,1
1227,20,1,3,2,1,1
1228,20,1,3,2,1,1
1229,19,0,3,2,1,1
1230,21,0,3,0,1,1
1231,19,1,3,2,1,1
1232,19,0,3,2,1,1
1233,20,0,3,0,1,1
1234,20,1,3,2,1,1
1235,21,0,3,2,1,1
1236,20,1,3,2,1,1
1237,21,0,3,2,1,1
1238,20,0,3,2,1,1
1239,20,1,3,2,1,1
1240,19,0,3,0,1,1
1241,19,1,3,2,1,1
1242,19,0,3,2,1,1
1243,21,0,3,0,1,1
1244,20,0,3,2,1,1
1245,20,1,3,0,1,1
1246,19,0,3,0,1,1
1247,19,0,3,2,1,1
1248,20,1,3,2,1,1
1249,20,1,3,2,1,1
1250,21,1,3,2,1,1
1251,19,0,3,2,1,1
1252,19,0,3,2,1,1
1253,19,0,3,2,1,1
1254,21,0,3,2,1,1
1255,19,1,3,2,1,1
1256,19,0,3,2,1,1
1257,21,0,3,0,1,1
1258,20,0,3,2,1,1
1259,21,0,3,2,1,1
1260,19,0,3,2,1,1
1261,20,1,3,0,1,1
1262,19,0,3,2,1,1
1263,21,1,3,2,1,1
1264,20,1,3,0,1,1
1265,21,0,3,0,1,1
1266,19,0,3,0,1,1
1267,20,1,3,0,1,1
1268,20,0,3,2,1,1
1269,19,0,3,2,1,1
1270,19,0,3,0,1,1
1271,20,0,3,2,1,1
1272,20,0,3,2,1,1
1273,21,0,3,2,1,1
1274,19,0,3,2,1,1
1275,21,0,3,2,1,1
1276,20,0,3,2,1,1
1277,19,0,3,2,1,1
1278,20,0,3,2,1,1
1279,19,1,3,2,1,1
1280,19,1,3,2,1,1
1281,21,0,3,2,1,1
1282,20,1,3,2,1,1
1283,21,0,3,2,1,1
1284,21,0,3,0,1,1
1285,21,1,3,2,1,1
1286,20,1,3,2,1,1
1287,21,0,3,2,1,1
1288,20,1,3,2,1,1
1289,21,0,3,2,1,1
1290,21,1,3,2,1,1
1291,21,1,3,2,1,1
1292,21,0,3,2,1,1
1293,19,0,3,2,1,1
1294,21,1,3,2,1,1
1295,21,1,3,2,1,1
1296,19,1,3,2,1,1
1297,21,1,3,2,1,1
1298,20,0,3,0,1,1
1299,19,1,3,0,1,1
1300,19,0,3,2,1,1
1301,21,0,3,2,1,1
1302,21,0,3,2,1,1
1303,20,1,3,2,1,1
1304,19,1,3,2,1,1
1305,20,0,3,2,1,1
1306,19,0,3,2,1,1
1307,21,0,3,2,1,1
1308,19,1,3,2,1,1
1309,20,1,3,2,1,1
1310,21,1,3,2,1,1
1311,21,1,3,2,1,1
1312,19,0,3,2,1,1
1313,21,0,3,0,1,1
1314,20,0,3,2,1,1
1315,20,0,3,0,1,1
1316,19,1,3,2,1,1
1317,20,0,3,0,1,1
1318,19,1,3,0,1,1
1319,19,1,3,2,1,1
1320,20,0,3,2,1,1
1321,20,0,3,2,1,1
1322,21,0,3,2,1,1
1323,19,0,3,2,1,1
1324,21,0,3,2,1,1
1325,20,1,3,2,1,1
1326,19,1,3,2,1,1
1327,20,0,3,2,1,1
1328,19,1,3,0,1,1
1329,19,1,3,0,1,1
1330,19,1,3,2,1,1
1331,21,0,3,0,1,1
1332,21,1,3,2,1,1
1333,21,0,3,2,1,1
1334,19,0,3,2,1,1
1335,19,0,3,0,1,1
1336,19,0,3,2,1,1
1337,19,0,3,2,1,1
1338,19,0,3,2,1,1
1339,20,1,3,2,1,1
1340,21,0,3,2,1,1
1341,21,0,3,2,1,1
1342,19,1,3,0,1,1
1343,19,0,3,0,1,1
1344,21,0,3,2,1,1
1345,21,0,3,2,1,1
1346,20,1,3,0,1,1
1347,21,0,3,0,1,1
1348,21,1,3,2,1,1
1349,21,0,3,2,1,1
1350,20,0,3,2,1,1
1351,19,0,3,0,1,1
1352,19,0,3,2,1,1
1353,20,0,3,2,1,1
1354,19,0,3,2,1,1
1355,21,0,3,2,1,1
1356,19,0,3,2,1,1
1357,19,0,3,0,1,1
1358,21,0,3,0,1,1
1359,21,1,3,2,1,1
1360,21,1,3,0,1,1
1361,21,0,3,2,1,1
1362,19,0,3,2,1,1
1363,21,0,3,2,1,1
1364,19,1,3,2,1,1
1365,19,1,3,2,1,1
1366,19,1,3,2,1,1
1367,20,1,3,2,1,1
1368,20,1,3,0,1,1
1369,21,0,3,2,1,1
1370,21,0,3,2,1,1
1371,20,1,3,2,1,1
1372,19,0,3,2,1,1
1373,21,0,3,2,1,1
1374,20,1,3,0,1,1
1375,20,0,3,2,1,1
1376,21,1,3,0,1,1
1377,20,0,3,2,1,1
1378,20,0,3,2,1,1
1379,21,0,3,2,1,1
1380,21,0,3,0,1,1
1381,21,0,3,2,1,1
1382,21,1,3,2,1,1
1383,21,0,3,0,1,1
1384,21,0,3,2,1,1
1385,20,1,3,2,1,1
1386,20,1,3,2,1,1
1387,20,1,3,2,1,1
1388,21,0,3,0,1,1
1389,21,0,3,2,1,1
1390,20,1,3,2,1,1
1391,21,1,3,2,1,1
1392,19,0,3,2,1,1
1393,20,0,3,2,1,1
1394,20,0,3,2,1,1
1395,20,1,3,2,1,1
1396,21,1,3,2,1,1
1397,19,1,3,2,1,1
1398,19,0,3,0,1,1
1399,19,0,3,2,1,1
1400,20,1,3,0,1,1
1401,20,0,3,2,1,1
1402,21,1,3,2,1,1
1403,21,0,3,2,1,1
1404,19,0,3,2,1,1
1405,19,0,3,2,1,1
1406,21,1,3,2,1,1
1407,20,1,3,2,1,1
1408,19,1,3,0,1,1
1409,21,1,3,2,1,1
1410,21,0,3,0,1,1
1411,21,0,3,2,1,1
1412,21,1,3,0,1,1
1413,21,1,3,0,1,1
1414,19,0,3,2,1,1
1415,21,0,3,0,1,1
1416,21,1,3,2,1,1
1417,21,0,3,2,1,1
1418,20,0,3,2,1,1
1419,20,1,3,0,1,1
1420,19,0,3,2,1,1
1421,20,1,3,2,1,1
1422,20,0,3,0,1,1
1423,20,0,3,2,1,1
1424,19,1,3,2,1,1
1425,19,1,3,2,1,1
1426,21,1,3,2,1,1
1427,21,0,3,2,1,1
1428,20,1,3,2,1,1
1429,21,0,3,2,1,1
1430,19,0,3,2,1,1
1431,21,1,3,2,1,1
1432,20,1,3,2,1,1
1433,21,0,3,2,1,1
1434,21,1,3,2,1,1
1435,19,0,3,2,1,1
1436,19,0,3,2,1,1
1437,21,0,3,2,1,1
1438,19,1,3,0,1,1
1439,20,0,3,2,1,1
1440,21,1,3,2,1,1
1441,21,1,3,2,1,1
1442,20,0,3,2,1,1
1443,19,0,3,2,1,1
1444,21,0,3,2,1,1
1445,20,0,3,2,1,1
1446,21,0,3,2,1,1
1447,21,1,3,2,1,1
1448,20,1,3,0,1,1
1449,20,0,3,2,1,1
1450,20,0,3,2,1,1
1451,20,0,3,2,1,1
1452,21,0,3,2,1,1
1453,21,1,3,2,1,1
1454,19,1,3,2,1,1
1455,20,0,3,2,1,1
1456,21,1,3,0,1,1
1457,19,0,3,2,1,1
1458,20,0,3,2,1,1
1459,20,0,3,2,1,1
1460,19,1,3,2,1,1
1461,19,0,3,0,1,1
1462,19,0,3,2,1,1
1463,21,0,3,2,1,1
1464,19,0,3,2,1,1
1465,20,0,3,2,1,1
1466,19,1,3,2,1,1
1467,19,0,3,2,1,1
1468,20,0,3,2,1,1
1469,19,1,3,0,1,1
1470,20,0,3,2,1,1
1471,21,0,3,2,1,1
1472,19,0,3,2,1,1
1473,21,1,3,2,1,1
1474,19,0,3,0,1,1
1475,20,0,3,2,1,1
1476,21,0,3,0,1,1
1477,21,1,3,2,1,1
1478,19,0,3,0,1,1
1479,21,1,3,0,1,1
1480,21,1,3,2,1,1
1481,20,0,3,0,1,1
1482,21,0,3,2,1,1
1483,19,0,3,2,1,1
1484,19,0,3,2,1,1
1485,21,0,3,0,1,1
1486,19,0,3,0,1,1
1487,19,0,3,2,1,1
1488,19,0,3,2,1,1
1489,20,1,3,2,1,1
1490,19,0,3,0,1,1
1491,21,0,3,2,1,1
1492,20,1,3,0,1,1
1493,21,1,3,2,1,1
1494,20,0,3,0,1,1
1495,20,1,3,0,1,1
1496,21,1,3,2,1,1
1497,19,0,3,0,1,1
1498,21,1,3,2,1,1
1499,20,0,3,2,1,1
1500,19,0,3,2,1,1
1501,23,1,3,0,1,1
1502,21,0,3,2,1,1
1503,23,0,3,2,1,1
1504,23,0,3,2,1,1
1505,21,1,3,0,1,1
1506,21,1,3,2,1,1
1507,24,1,3,2,1,1
1508,22,0,3,2,1,1
1509,21,1,3,0,1,1
1510,23,0,3,2,1,1
1511,23,0,3,2,1,1
1512,21,0,3,2,1,1
1513,23,1,3,2,1,1
1514,21,1,3,0,1,1
1515,23,1,3,2,1,1
1516,23,0,3,2,1,1
1517,22,1,3,2,1,1
1518,24,1,3,2,1,1
1519,23,1,3,2,1,1
1520,23,1,3,0,1,1
1521,24,1,3,2,1,1
1522,21,0,3,2,1,1
1523,21,1,3,2,1,1
1524,21,0,3,0,1,1
1525,21,1,3,2,1,1
1526,22,0,3,0,1,1
1527,24,0,3,0,1,1
1528,21,0,3,2,1,1
1529,21,1,3,0,1,1
1530,23,1,3,2,1,1
1531,24,1,3,0,1,1
1532,23,0,3,2,1,1
1533,24,0,3,2,1,1
1534,23,0,3,2,1,1
1535,21,1,3,2,1,1
1536,21,0,3,2,1,1
1537,23,0,3,2,1,1
1538,24,1,3,2,1,1
1539,21,0,3,2,1,1
1540,24,0,3,2,1,1
1541,21,0,3,2,1,1
1542,21,0,3,2,1,1
1543,21,0,3,2,1,1
1544,21,0,3,0,1,1
1545,24,0,3,2,1,1
1546,23,0,3,2,1,1
1547,22,1,3,0,1,1
1548,23,0,3,2,1,1
1549,23,0,3,0,1,1
1550,22,0,3,0,1,1
1551,23,1,3,0,1,1
1552,22,0,3,2,1,1
1553,21,1,3,2,1,1
1554,23,0,3,2,1,1
1555,24,0,3,0,1,1
1556,24,0,3,2,1,1
1557,24,0,3,2,1,1
1558,23,1,3,2,1,1
1559,23,0,3,2,1,1
1560,24,0,3,2,1,1
1561,21,0,3,0,1,1
1562,23,1,3,2,1,1
1563,21,1,3,0,1,1
1564,22,0,3,2,1,1
1565,24,0,3,0,1,1
1566,22,0,3,2,1,1
1567,21,0,3,2,1,1
1568,24,1,3,2,1,1
1569,21,0,3,2,1,1
1570,23,1,3,2,1,1
1571,24,1,3,2,1,1
1572,21,0,3,2,1,1
1573,24,0,3,2,1,1
1574,21,0,3,2,1,1
1575,23,0,3,0,1,1
1576,23,0,3,2,1,1
1577,21,1,3,2,1,1
1578,22,0,3,2,1,1
1579,23,0,3,2,1,1
1580,22,0,3,0,1,1
1581,21,0,3,0,1,1
1582,24,0,3,2,1,1
1583,21,0,3,2,1,1
1584,22,1,3,2,1,1
1585,24,0,3,0,1,1
1586,22,1,3,0,1,1
1587,24,0,3,2,1,1
1588,23,0,3,0,1,1
1589,21,1,3,2,1,1
1590,21,1,3,2,1,1
1591,23,0,3,2,1,1
1592,24,1,3,2,1,1
1593,24,0,3,2,1,1
1594,22,0,3,2,1,1
1595,23,1,3,0,1,1
1596,21,0,3,2,1,1
1597,21,0,3,2,1,1
1598,23,0,3,2,1,1
1599,22,0,3,2,1,1
1600,23,0,3,2,1,1
1601,23,0,3,2,1,1
1602,24,0,3,2,1,1
1603,24,0,3,2,1,1
1604,22,1,3,2,1,1
1605,22,0,3,0,1,1
1606,24,1,3,0,1,1
1607,24,0,3,0,1,1
1608,24,0,3,2,1,1
1609,24,1,3,2,1,1
1610,24,1,3,2,1,1
1611,23,1,3,2,1,1
1612,22,0,3,2,1,1
1613,24,1,3,2,1,1
1614,21,0,3,2,1,1
1615,21,0,3,2,1,1
1616,24,0,3,2,1,1
1617,24,0,3,2,1,1
1618,21,0,3,2,1,1
1619,21,0,3,2,1,1
1620,22,0,3,2,1,1
1621,22,1,3,2,1,1
1622,21,0,3,2,1,1
1623,21,0,3,2,1,1
1624,22,0,3,2,1,1
1625,21,0,3,2,1,1
1626,21,1,3,0,1,1
1627,23,0,3,2,1,1
1628,22,0,3,0,1,1
1629,22,1,3,2,1,1
1630,21,1,3,0,1,1
1631,22,1,3,2,1,1
1632,23,1,3,2,1,1
1633,21,1,3,2,1,1
1634,23,0,3,2,1,1
1635,21,1,3,2,1,1
1636,23,1,3,0,1,1
1637,24,0,3,0,1,1
1638,24,1,3,0,1,1
1639,23,0,3,2,1,1
1640,24,0,3,0,1,1
1641,22,0,3,0,1,1
1642,22,1,3,2,1,1
1643,24,1,3,2,1,1
1644,22,0,3,2,1,1
1645,23,0,3,2,1,1
1646,24,1,3,2,1,1
1647,23,0,3,2,1,1
1648,24,0,3,0,1,1
1649,24,1,3,0,1,1
1650,24,0,3,2,1,1
1651,22,1,3,2,1,1
1652,23,1,3,2,1,1
1653,22,1,3,0,1,1
1654,21,0,3,2,1,1
1655,23,1,3,2,1,1
1656,23,0,3,2,1,1
1657,23,0,3,2,1,1
1658,24,1,3,0,1,1
1659,21,0,3,2,1,1
1660,21,0,3,0,1,1
1661,21,0,3,0,1,1
1662,24,1,3,2,1,1
1663,23,1,3,2,1,1
1664,23,1,3,0,1,1
1665,21,0,3,2,1,1
1666,22,1,3,2,1,1
1667,21,1,3,2,1,1
1668,24,0,3,0,1,1
1669,24,0,3,2,1,1
1670,24,0,3,2,1,1
1671,23,0,3,2,1,1
1672,22,0,3,2,1,1
1673,23,1,3,2,1,1
1674,23,0,3,0,1,1
1675,22,0,3,2,1,1
1676,22,0,3,0,1,1
1677,23,0,3,2,1,1
1678,22,1,3,2,1,1
1679,22,0,3,2,1,1
1680,23,0,3,0,1,1
1681,22,0,3,2,1,1
1682,24,0,3,0,1,1
1683,22,0,3,2,1,1
1684,21,1,3,2,1,1
1685,24,0,3,0,1,1
1686,23,0,3,2,1,1
1687,22,1,3,2,1,1
1688,24,0,3,2,1,1
1689,22,1,3,0,1,1
1690,23,0,3,0,1,1
1691,21,0,3,2,1,1
1692,24,0,3,2,1,1
1693,21,0,3,2,1,1
1694,24,1,3,0,1,1
1695,23,0,3,0,1,1
1696,21,1,3,0,1,1
1697,21,1,3,2,1,1
1698,24,0,3,2,1,1
1699,21,1,3,2,1,1
1700,21,0,3,0,1,1
1701,23,0,3,2,1,1
1702,24,0,3,2,1,1
1703,24,1,3,2,1,1
1704,22,1,3,2,1,1
1705,21,0,3,2,1,1
1706,23,0,3,0,1,1
1707,24,1,3,2,1,1
1708,23,0,3,0,1,1
1709,23,0,3,2,1,1
1710,23,0,3,0,1,1
1711,21,1,3,2,1,1
1712,24,0,3,2,1,1
1713,21,1,3,0,1,1
1714,22,1,3,2,1,1
1715,22,1,3,0,1,1
1716,21,0,3,2,1,1
1717,24,0,3,2,1,1
1718,22,0,3,2,1,1
1719,23,0,3,2,1,1
1720,21,0,3,2,1,1
1721,24,0,3,2,1,1
1722,22,1,3,2,1,1
1723,21,0,3,2,1,1
1724,23,0,3,2,1,1
1725,23,0,3,2,1,1
1726,23,0,3,2,1,1
1727,21,1,3,0,1,1
1728,21,1,3,2,1,1
1729,24,1,3,2,1,1
1730,22,0,3,2,1,1
1731,22,0,3,2,1,1
1732,22,1,3,2,1,1
1733,24,1,3,2,1,1
1734,21,0,3,2,1,1
1735,23,0,3,0,1,1
1736,23,0,3,0,1,1
1737,22,1,3,2,1,1
1738,22,0,3,2,1,1
1739,21,1,3,2,1,1
1740,23,0,3,2,1,1
1741,22,1,3,0,1,1
1742,23,0,3,2,1,1
1743,23,1,3,2,1,1
1744,21,0,3,2,1,1
1745,24,0,3,2,1,1
1746,21,0,3,2,1,1
1747,24,0,3,2,1,1
1748,22,0,3,2,1,1
1749,21,1,3,2,1,1
1750,22,1,3,2,1,1
1751,21,0,3,0,1,1
1752,21,0,3,0,1,1
1753,24,0,3,0,1,1
1754,22,1,3,0,1,1
1755,22,0,3,2,1,1
1756,22,1,3,2,1,1
1757,24,1,3,0,1,1
1758,23,0,3,2,1,1
1759,24,1,3,2,1,1
1760,23,0,3,2,1,1
1761,23,0,3,0,1,1
1762,22,1,3,2,1,1
1763,21,0,3,0,1,1
1764,22,0,3,2,1,1
1765,23,0,3,2,1,1
1766,23,0,3,0,1,1
1767,22,1,3,0,1,1
1768,21,0,3,0,1,1
1769,24,0,3,0,1,1
1770,23,1,3,0,1,1
1771,23,1,3,2,1,1
1772,24,0,3,2,1,1
1773,23,0,3,0,1,1
1774,23,1,3,0,1,1
1775,23,1,3,2,1,1
1776,22,0,3,0,1,1
1777,24,0,3,2,1,1
1778,22,1,3,2,1,1
1779,22,0,3,2,1,1
1780,22,0,3,2,1,1
1781,22,1,3,2,1,1
1782,24,0,3,2,1,1
1783,24,1,3,2,1,1
1784,21,0,3,2,1,1
1785,24,0,3,2,1,1
1786,22,0,3,0,1,1
1787,24,0,3,2,1,1
1788,24,0,3,2,1,1
1789,21,0,3,2,1,1
1790,23,1,3,2,1,1
1791,23,0,3,2,1,1
1792,24,0,3,2,1,1
1793,24,1,3,2,1,1
1794,24,1,3,2,1,1
1795,21,0,3,0,1,1
1796,23,0,3,0,1,1
1797,24,0,3,0,1,1
1798,21,0,3,2,1,1
1799,23,0,3,2,1,1
1800,22,0,3,2,1,1
1801,21,0,3,2,1,1
1802,22,0,3,0,1,1
1803,23,1,3,0,1,1
1804,22,0,3,0,1,1
1805,24,0,3,2,1,1
1806,23,0,3,2,1,1
1807,21,1,3,2,1,1
1808,24,1,3,0,1,1
1809,22,1,3,2,1,1
1810,22,0,3,2,1,1
1811,23,0,3,2,1,1
1812,22,1,3,2,1,1
1813,24,0,3,2,1,1
1814,22,1,3,2,1,1
1815,23,0,3,2,1,1
1816,21,0,3,2,1,1
1817,24,1,3,2,1,1
1818,23,1,3,2,1,1
1819,21,0,3,2,1,1
1820,23,1,3,0,1,1
1821,22,1,3,0,1,1
1822,21,1,3,2,1,1
1823,21,0,3,0,1,1
1824,21,0,3,2,1,1
1825,21,1,3,2,1,1
1826,23,1,3,2,1,1
1827,21,0,3,2,1,1
1828,22,1,3,2,1,1
1829,22,1,3,2,1,1
1830,23,0,3,2,1,1
1831,21,0,3,2,1,1
1832,22,1,3,0,1,1
1833,23,0,3,2,1,1
1834,22,1,3,2,1,1
1835,21,1,3,2,1,1
1836,23,1,3,2,1,1
1837,24,1,3,0,1,1
1838,22,0,3,0,1,1
1839,22,0,3,2,1,1
1840,23,1,3,0,1,1
1841,22,0,3,0,1,1
1842,23,0,3,0,1,1
1843,22,0,3,2,1,1
1844,24,0,3,2,1,1
1845,24,1,3,2,1,1
1846,22,0,3,2,1,1
1847,21,0,3,0,1,1
1848,24,1,3,2,1,1
1849,23,0,3,0,1,1
1850,22,1,3,2,1,1
1851,21,0,3,2,1,1
1852,23,1,3,2,1,1
1853,22,0,3,2,1,1
1854,24,1,3,2,1,1
1855,21,0,3,0,1,1
1856,21,0,3,2,1,1
1857,23,0,3,2,1,1
1858,24,0,3,2,1,1
1859,24,0,3,2,1,1
1860,21,0,3,2,1,1
1861,24,0,3,0,1,1
1862,24,0,3,2,1,1
1863,21,0,3,2,1,1
1864,24,1,3,0,1,1
1865,24,1,3,0,1,1
1866,21,0,3,0,1,1
1867,21,1,3,2,1,1
1868,24,1,3,2,1,1
1869,22,1,3,2,1,1
1870,24,0,3,0,1,1
1871,24,0,3,2,1,1
1872,24,0,3,2,1,1
1873,22,0,3,2,1,1
1874,24,1,3,2,1,1
1875,22,1,3,2,1,1
1876,22,0,3,0,1,1
1877,21,0,3,2,1,1
1878,23,1,3,2,1,1
1879,23,1,3,2,1,1
1880,24,0,3,2,1,1
1881,24,1,3,0,1,1
1882,23,0,3,0,1,1
1883,23,1,3,2,1,1
1884,22,0,3,0,1,1
1885,24,1,3,2,1,1
1886,21,1,3,2,1,1
1887,22,0,3,0,1,1
1888,23,1,3,0,1,1
1889,22,1,3,2,1,1
1890,24,0,3,2,1,1
1891,21,0,3,2,1,1
1892,22,0,3,0,1,1
1893,22,0,3,2,1,1
1894,23,1,3,2,1,1
1895,24,0,3,0,1,1
1896,24,1,3,2,1,1
1897,22,0,3,2,1,1
1898,23,0,3,2,1,1
1899,23,1,3,0,1,1
1900,22,0,3,0,1,1
1901,21,1,3,2,1,1
1902,21,0,3,2,1,1
1903,21,1,3,2,1,1
1904,22,1,3,2,1,1
1905,21,0,3,2,1,1
1906,24,0,3,2,1,1
1907,21,1,3,0,1,1
1908,24,0,3,0,1,1
1909,24,0,3,2,1,1
1910,23,1,3,0,1,1
1911,22,1,3,0,1,1
1912,24,0,3,2,1,1
1913,23,0,3,0,1,1
1914,22,1,3,2,1,1
1915,21,0,3,2,1,1
1916,21,1,3,2,1,1
1917,23,0,3,2,1,1
1918,21,0,3,2,1,1
1919,24,0,3,2,1,1
1920,21,1,3,2,1,1
1921,22,1,3,2,1,1
1922,24,1,3,2,1,1
1923,21,0,3,2,1,1
1924,24,1,3,2,1,1
1925,24,1,3,0,1,1
1926,21,1,3,2,1,1
1927,23,1,3,0,1,1
1928,23,1,3,0,1,1
1929,24,0,3,2,1,1
1930,23,0,3,2,1,1
1931,23,1,3,2,1,1
1932,22,0,3,2,1,1
1933,24,0,3,0,1,1
1934,23,0,3,0,1,1
1935,23,0,3,2,1,1
1936,21,1,3,2,1,1
1937,22,0,3,0,1,1
1938,24,1,3,2,1,1
1939,24,0,3,2,1,1
1940,23,0,3,2,1,1
1941,23,1,3,2,1,1
1942,23,0,3,2,1,1
1943,22,0,3,2,1,1
1944,24,0,3,2,1,1
1945,21,0,3,2,1,1
1946,23,1,3,2,1,1
1947,24,0,3,2,1,1
1948,23,0,3,2,1,1
1949,23,0,3,2,1,1
1950,22,1,3,0,1,1
1951,22,1,3,2,1,1
1952,23,1,3,2,1,1
1953,21,0,3,2,1,1
1954,22,0,3,2,1,1
1955,24,0,3,2,1,1
1956,23,0,3,0,1,1
1957,22,1,3,2,1,1
1958,24,0,3,2,1,1
1959,21,0,3,2,1,1
1960,21,0,3,2,1,1
1961,23,1,3,2,1,1
1962,24,0,3,2,1,1
1963,21,1,3,2,1,1
1964,24,0,3,0,1,1
1965,24,1,3,2,1,1
1966,22,1,3,2,1,1
1967,22,1,3,2,1,1
1968,22,1,3,2,1,1
1969,23,1,3,0,1,1
1970,24,0,3,2,1,1
1971,24,1,3,2,1,1
1972,24,0,3,2,1,1
1973,22,1,3,2,1,1
1974,21,1,3,2,1,1
1975,23,0,3,2,1,1
1976,24,0,3,0,1,1
1977,21,1,3,0,1,1
1978,24,0,3,2,1,1
1979,21,0,3,2,1,1
1980,22,0,3,2,1,1
1981,24,0,3,2,1,1
1982,23,1,3,2,1,1
1983,21,0,3,0,1,1
1984,22,0,3,0,1,1
1985,21,0,3,2,1,1
1986,22,0,3,2,1,1
1987,23,0,3,2,1,1
1988,24,0,3,2,1,1
1989,23,1,3,2,1,1
1990,21,1,3,2,1,1
1991,21,0,3,0,1,1
1992,24,1,3,0,1,1
1993,22,1,3,2,1,1
1994,22,0,3,0,1,1
1995,21,1,3,0,1,1
1996,22,1,3,2,1,1
1997,22,0,3,2,1,1
1998,21,0,3,2,1,1
1999,23,0,3,0,1,1
2000,23,0,3,2,1,1
2001,23,0,3,0,1,0
2002,25,0,3,2,1,0
2003,25,0,3,2,1,0
2004,21,0,3,2,1,0
2005,21,1,3,0,1,0
2006,26,0,3,2,1,0
2007,26,1,3,0,1,0
2008,24,1,3,2,1,0
2009,25,0,3,2,1,0
2010,23,0,3,0,1,0
2011,24,1,3,0,1,0
2012,21,0,3,2,1,0
2013,26,0,3,0,1,0
2014,23,0,3,0,1,0
2015,23,0,3,2,1,0
2016,26,0,3,0,1,0
2017,26,0,3,2,1,0
2018,22,1,3,2,1,0
2019,23,0,3,0,1,0
2020,21,1,3,2,1,0
2021,25,0,3,0,1,0
2022,23,1,3,0,1,0
2023,26,1,3,0,1,0
2024,26,1,3,2,1,0
2025,21,1,3,0,1,0
2026,23,1,3,2,1,0
2027,26,1,3,0,1,0
2028,25,1,3,0,1,0
2029,25,0,3,2,1,0
2030,23,0,3,0,1,0
2031,24,0,3,0,1,0
2032,21,1,3,2,1,0
2033,21,0,3,2,1,0
2034,25,1,3,0,1,0
2035,23,1,3,0,1,0
2036,21,1,3,0,1,0
2037,23,0,3,0,1,0
2038,26,0,3,0,1,0
2039,22,0,3,0,1,0
2040,25,1,3,2,1,0
2041,24,1,3,2,1,0
2042,26,1,3,2,1,0
2043,25,1,3,0,1,0
2044,21,0,3,2,1,0
2045,22,1,3,2,1,0
2046,23,0,3,0,1,0
2047,21,1,3,0,1,0
2048,22,1,3,2,1,0
2049,23,0,3,0,1,0
2050,24,1,3,0,1,0
2051,23,0,3,2,1,0
2052,22,0,3,0,1,0
2053,23,0,3,2,1,0
2054,23,0,3,0,1,0
2055,23,0,3,2,1,0
2056,24,1,3,0,1,0
2057,23,0,3,2,1,0
2058,21,0,3,2,1,0
2059,21,0,3,2,1,0
2060,24,1,3,0,1,0
2061,22,1,3,0,1,0
2062,26,1,3,0,1,0
2063,22,0,3,2,1,0
2064,21,0,3,2,1,0
2065,23,1,3,0,1,0
2066,25,1,3,0,1,0
2067,23,0,3,0,1,0
2068,21,0,3,0,1,0
2069,24,0,3,2,1,0
2070,21,1,3,2,1,0
2071,23,0,3,0,1,0
2072,25,0,3,2,1,0
2073,23,0,3,0,1,0
2074,26,1,3,2,1,0
2075,25,1,3,2,1,0
2076,21,0,3,2,1,0
2077,21,0,3,0,1,0
2078,23,1,3,2,1,0
2079,22,1,3,2,1,0
2080,24,0,3,0,1,0
2081,24,1,3,0,1,0
2082,23,1,3,0,1,0
2083,21,0,3,0,1,0
2084,23,0,3,0,1,0
2085,21,1,3,0,1,0
2086,23,1,3,0,1,0
2087,23,0,3,0,1,0
2088,25,1,3,2,1,0
2089,26,0,3,0,1,0
2090,24,1,3,0,1,0
2091,25,1,3,2,1,0
2092,26,1,3,2,1,0
2093,21,0,3,0,1,0
2094,23,0,3,2,1,0
2095,23,0,3,0,1,0
2096,25,1,3,0,1,0
2097,22,0,3,2,1,0
2098,26,0,3,2,1,0
2099,21,0,3,0,1,0
2100,25,0,3,2,1,0
2101,23,0,3,0,1,0
2102,22,0,3,2,1,0
2103,24,1,3,2,1,0
2104,24,1,3,0,1,0
2105,22,1,3,2,1,0
2106,24,1,3,0,1,0
2107,22,0,3,0,1,0
2108,23,0,3,2,1,0
2109,24,1,3,2,1,0
2110,25,0,3,2,1,0
2111,22,0,3,2,1,0
2112,24,0,3,0,1,0
2113,25,0,3,0,1,0
2114,26,0,3,0,1,0
2115,22,1,3,2,1,0
2116,25,1,3,2,1,0
2117,22,0,3,0,1,0
2118,24,1,3,2,1,0
2119,25,0,3,2,1,0
2120,25,1,3,0,1,0
2121,26,1,3,0,1,0
2122,26,1,3,0,1,0
2123,21,0,3,2,1,0
2124,26,1,3,0,1,0
2125,24,1,3,0,1,0
2126,22,0,3,2,1,0
2127,25,0,3,2,1,0
2128,21,0,3,0,1,0
2129,22,0,3,0,1,0
2130,23,1,3,2,1,0
2131,22,0,3,0,1,0
2132,25,1,3,0,1,0
2133,22,0,3,0,1,0
2134,21,0,3,0,1,0
2135,24,1,3,2,1,0
2136,23,1,3,0,1,0
2137,25,1,3,0,1,0
2138,25,1,3,0,1,0
2139,22,0,3,2,1,0
2140,24,0,3,2,1,0
2141,24,1,3,0,1,0
2142,26,0,3,2,1,0
2143,26,0,3,0,1,0
2144,24,1,3,2,1,0
2145,22,1,3,0,1,0
2146,24,1,3,2,1,0
2147,23,0,3,2,1,0
2148,23,0,3,0,1,0
2149,23,1,3,0,1,0
2150,26,1,3,0,1,0
2151,25,1,3,0,1,0
2152,21,1,3,2,1,0
2153,22,1,3,2,1,0
2154,23,1,3,0,1,0
2155,23,0,3,0,1,0
2156,23,1,3,0,1,0
2157,21,0,3,0,1,0
2158,24,0,3,2,1,0
2159,22,0,3,0,1,0
2160,23,0,3,2,1,0
2161,22,0,3,0,1,0
2162,25,1,3,0,1,0
2163,22,1,3,2,1,0
2164,21,0,3,2,1,0
2165,23,0,3,2,1,0
2166,23,1,3,0,1,0
2167,24,0,3,2,1,0
2168,24,1,3,0,1,0
2169,25,0,3,2,1,0
2170,25,0,3,2,1,0
2171,25,1,3,2,1,0
2172,24,0,3,2,1,0
2173,26,0,3,0,1,0
2174,26,0,3,2,1,0
2175,26,1,3,2,1,0
2176,22,0,3,0,1,0
2177,26,1,3,0,1,0
2178,24,0,3,0,1,0
2179,21,0,3,0,1,0
2180,26,0,3,0,1,0
2181,25,1,3,0,1,0
2182,23,1,3,0,1,0
2183,23,1,3,0,1,0
2184,21,1,3,0,1,0
2185,25,0,3,0,1,0
2186,25,0,3,0,1,0
2187,23,0,3,0,1,0
2188,21,1,3,0,1,0
2189,23,0,3,2,1,0
2190,25,0,3,2,1,0
2191,23,1,3,0,1,0
2192,24,1,3,2,1,0
2193,26,1,3,2,1,0
2194,24,0,3,2,1,0
2195,24,1,3,2,1,0
2196,22,0,3,0,1,0
2197,26,0,3,0,1,0
2198,24,1,3,2,1,0
2199,21,0,3,2,1,0
2200,22,0,3,2,1,0
2201,22,0,3,2,1,0
2202,23,1,3,2,1,0
2203,25,0,3,2,1,0
2204,23,0,3,2,1,0
2205,21,0,3,2,1,0
2206,26,1,3,0,1,0
2207,26,0,3,0,1,0
2208,22,1,3,0,1,0
2209,25,1,3,2,1,0
2210,24,1,3,0,1,0
2211,21,0,3,2,1,0
2212,24,1,3,0,1,0
2213,25,1,3,2,1,0
2214,22,0,3,2,1,0
2215,24,0,3,0,1,0
2216,25,1,3,0,1,0
2217,24,1,3,0,1,0
2218,23,0,3,2,1,0
2219,21,1,3,2,1,0
2220,26,0,3,2,1,0
2221,23,1,3,2,1,0
2222,23,0,3,2,1,0
2223,26,0,3,0,1,0
2224,25,0,3,0,1,0
2225,21,1,3,0,1,0
2226,25,0,3,2,1,0
2227,21,0,3,2,1,0
2228,25,0,3,2,1,0
2229,21,0,3,0,1,0
2230,26,0,3,0,1,0
2231,23,0,3,0,1,0
2232,21,0,3,2,1,0
2233,26,1,3,2,1,0
2234,26,0,3,2,1,0
2235,21,0,3,2,1,0
2236,26,0,3,0,1,0
2237,24,1,3,0,1,0
2238,25,0,3,2,1,0
2239,25,0,3,0,1,0
2240,24,0,3,0,1,0
2241,25,0,3,0,1,0
2242,24,0,3,0,1,0
2243,24,0,3,2,1,0
2244,24,0,3,0,1,0
2245,25,0,3,2,1,0
2246,26,0,3,0,1,0
2247,23,1,3,2,1,0
2248,26,1,3,2,1,0
2249,26,0,3,0,1,0
2250,22,0,3,2,1,0
2251,21,0,3,2,1,0
2252,25,0,3,2,1,0
2253,24,0,3,2,1,0
2254,22,0,3,2,1,0
2255,22,0,3,2,1,0
2256,25,0,3,0,1,0
2257,21,0,3,0,1,0
2258,26,1,3,2,1,0
2259,23,1,3,2,1,0
2260,24,0,3,2,1,0
2261,22,0,3,2,1,0
2262,26,1,3,2,1,0
2263,23,1,3,2,1,0
2264,23,1,3,2,1,0
2265,22,0,3,0,1,0
2266,25,0,3,0,1,0
2267,26,1,3,0,1,0
2268,21,1,3,0,1,0
2269,23,1,3,2,1,0
2270,22,0,3,2,1,0
2271,26,0,3,0,1,0
2272,22,1,3,0,1,0
2273,21,0,3,2,1,0
2274,26,1,3,2,1,0
2275,25,0,3,0,1,0
2276,24,1,3,0,1,0
2277,22,0,3,0,1,0
2278,23,1,3,2,1,0
2279,24,1,3,2,1,0
2280,26,0,3,0,1,0
2281,22,0,3,2,1,0
2282,26,1,3,2,1,0
2283,21,0,3,2,1,0
2284,26,1,3,2,1,0
2285,22,0,3,2,1,0
2286,22,0,3,0,1,0
2287,23,0,3,2,1,0
2288,23,0,3,2,1,0
2289,26,0,3,2,1,0
2290,21,1,3,2,1,0
2291,24,0,3,0,1,0
2292,21,1,3,0,1,0
2293,25,0,3,0,1,0
2294,22,1,3,0,1,0
2295,24,0,3,2,1,0
2296,25,0,3,0,1,0
2297,25,0,3,2,1,0
2298,24,1,3,0,1,0
2299,21,0,3,2,1,0
2300,24,0,3,2,1,0
2301,26,1,3,2,1,0
2302,25,1,3,2,1,0
2303,24,1,3,0,1,0
2304,24,0,3,0,1,0
2305,25,1,3,2,1,0
2306,22,0,3,0,1,0
2307,22,0,3,0,1,0
2308,21,0,3,0,1,0
2309,25,0,3,2,1,0
2310,23,0,3,0,1,0
2311,26,1,3,2,1,0
2312,22,0,3,0,1,0
2313,25,1,3,2,1,0
2314,26,0,3,2,1,0
2315,22,0,3,2,1,0
2316,22,0,3,0,1,0
2317,25,0,3,2,1,0
2318,26,0,3,2,1,0
2319,22,1,3,2,1,0
2320,24,1,3,2,1,0
2321,21,0,3,2,1,0
2322,26,1,3,0,1,0
2323,23,1,3,2,1,0
2324,21,0,3,2,1,0
2325,25,0,3,0,1,0
2326,26,1,3,0,1,0
2327,21,0,3,2,1,0
2328,23,0,3,0,1,0
2329,26,1,3,0,1,0
2330,26,1,3,0,1,0
2331,24,1,3,0,1,0
2332,22,0,3,2,1,0
2333,24,0,3,2,1,0
2334,22,0,3,0,1,0
2335,21,0,3,0,1,0
2336,21,1,3,0,1,0
2337,25,1,3,2,1,0
2338,22,0,3,2,1,0
2339,26,1,3,2,1,0
2340,23,1,3,0,1,0
2341,21,1,3,2,1,0
2342,21,0,3,0,1,0
2343,26,1,3,2,1,0
2344,21,1,3,0,1,0
2345,21,0,3,2,1,0
2346,22,0,3,0,1,0
2347,24,0,3,2,1,0
2348,24,1,3,0,1,0
2349,23,0,3,0,1,0
2350,25,0,3,2,1,0
2351,25,1,3,2,1,0
2352,24,1,3,2,1,0
2353,22,1,3,2,1,0
2354,24,1,3,2,1,0
2355,22,0,3,0,1,0
2356,21,0,3,0,1,0
2357,22,0,3,0,1,0
2358,21,0,3,2,1,0
2359,23,0,3,0,1,0
2360,24,0,3,0,1,0
2361,22,1,3,2,1,0
2362,21,0,3,0,1,0
2363,24,0,3,0,1,0
2364,26,0,3,2,1,0
2365,24,0,3,0,1,0
2366,22,0,3,2,1,0
2367,25,1,3,2,1,0
2368,22,1,3,2,1,0
2369,24,0,3,2,1,0
2370,23,1,3,2,1,0
2371,23,0,3,0,1,0
2372,24,1,3,2,1,0
2373,26,0,3,2,1,0
2374,26,0,3,2,1,0
2375,26,0,3,0,1,0
2376,24,0,3,2,1,0
2377,24,1,3,2,1,0
2378,21,0,3,2,1,0
2379,22,1,3,0,1,0
2380,25,0,3,0,1,0
2381,26,1,3,2,1,0
2382,21,0,3,0,1,0
2383,22,0,3,2,1,0
2384,26,0,3,0,1,0
2385,21,0,3,2,1,0
2386,21,0,3,0,1,0
2387,21,0,3,2,1,0
2388,26,1,3,2,1,0
2389,25,0,3,0,1,0
2390,25,0,3,0,1,0
2391,25,0,3,2,1,0
2392,25,0,3,0,1,0
2393,26,1,3,0,1,0
2394,24,1,3,2,1,0
2395,22,1,3,2,1,0
2396,22,0,3,2,1,0
2397,22,0,3,2,1,0
2398,25,1,3,2,1,0
2399,21,1,3,2,1,0
2400,25,1,3,2,1,0
2401,21,1,3,2,1,0
2402,26,0,3,0,1,0
2403,23,0,3,0,1,0
2404,22,0,3,0,1,0
2405,24,1,3,0,1,0
2406,23,0,3,0,1,0
2407,23,1,3,2,1,0
2408,26,0,3,0,1,0
2409,24,1,3,2,1,0
2410,21,1,3,0,1,0
2411,25,0,3,2,1,0
2412,21,0,3,2,1,0
2413,25,1,3,2,1,0
2414,21,0,3,0,1,0
2415,23,0,3,2,1,0
2416,22,0,3,2,1,0
2417,24,0,3,0,1,0
2418,24,0,3,2,1,0
2419,23,1,3,2,1,0
2420,21,1,3,2,1,0
2421,24,0,3,2,1,0
2422,23,0,3,0,1,0
2423,22,0,3,0,1,0
2424,23,0,3,0,1,0
2425,25,1,3,0,1,0
2426,22,0,3,0,1,0
2427,25,0,3,0,1,0
2428,23,1,3,0,1,0
2429,22,0,3,0,1,0
2430,26,0,3,0,1,0
2431,23,0,3,2,1,0
2432,26,1,3,2,1,0
2433,23,0,3,0,1,0
2434,26,0,3,2,1,0
2435,21,1,3,2,1,0
2436,21,0,3,2,1,0
2437,21,0,3,0,1,0
2438,24,0,3,0,1,0
2439,24,0,3,2,1,0
2440,26,1,3,2,1,0
2441,21,0,3,2,1,0
2442,25,1,3,0,1,0
2443,25,0,3,0,1,0
2444,26,1,3,0,1,0
2445,21,0,3,2,1,0
2446,22,1,3,0,1,0
2447,23,1,3,0,1,0
2448,21,1,3,0,1,0
2449,23,1,3,2,1,0
2450,21,0,3,2,1,0
2451,22,0,3,0,1,0
2452,26,0,3,2,1,0
2453,25,0,3,0,1,0
2454,26,1,3,2,1,0
2455,25,0,3,0,1,0
2456,21,0,3,0,1,0
2457,21,1,3,0,1,0
2458,24,1,3,0,1,0
2459,21,0,3,0,1,0
2460,26,1,3,0,1,0
2461,26,0,3,0,1,0
2462,23,0,3,2,1,0
2463,25,0,3,2,1,0
2464,23,1,3,2,1,0
2465,24,0,3,0,1,0
2466,24,0,3,2,1,0
2467,24,1,3,2,1,0
2468,21,0,3,2,1,0
2469,23,0,3,2,1,0
2470,26,1,3,0,1,0
2471,24,0,3,0,1,0
2472,24,0,3,2,1,0
2473,24,1,3,2,1,0
2474,22,0,3,0,1,0
2475,24,1,3,2,1,0
2476,25,0,3,2,1,0
2477,25,0,3,2,1,0
2478,24,0,3,2,1,0
2479,26,1,3,0,1,0
2480,22,0,3,2,1,0
2481,22,1,3,0,1,0
2482,22,0,3,0,1,0
2483,26,0,3,0,1,0
2484,25,0,3,2,1,0
2485,25,1,3,0,1,0
2486,24,0,3,2,1,0
2487,25,0,3,0,1,0
2488,21,0,3,2,1,0
2489,25,1,3,0,1,0
2490,25,1,3,0,1,0
2491,26,0,3,2,1,0
2492,22,1,3,2,1,0
2493,26,0,3,2,1,0
2494,21,1,3,0,1,0
2495,23,0,3,2,1,0
2496,24,1,3,0,1,0
2497,22,0,3,2,1,0
2498,23,0,3,2,1,0
2499,25,0,3,2,1,0
2500,22,1,3,2,1,0
2501,26,0,3,2,1,0
2502,23,1,3,0,1,0
2503,26,0,3,0,1,0
2504,24,0,3,2,1,0
2505,24,1,3,0,1,0
2506,26,0,3,0,1,0
2507,22,0,3,2,1,0
2508,23,0,3,2,1,0
2509,26,1,3,2,1,0
2510,21,1,3,2,1,0
2511,23,1,3,2,1,0
2512,21,0,3,0,1,0
2513,24,0,3,0,1,0
2514,25,1,3,2,1,0
2515,25,1,3,0,1,0
2516,26,0,3,2,1,0
2517,26,0,3,2,1,0
2518,25,1,3,0,1,0
2519,25,0,3,0,1,0
2520,26,0,3,0,1,0
2521,25,1,3,0,1,0
2522,24,1,3,0,1,0
2523,22,0,3,2,1,0
2524,25,0,3,2,1,0
2525,21,0,3,2,1,0
2526,22,0,3,2,1,0
2527,22,0,3,0,1,0
2528,21,0,3,0,1,0
2529,24,0,3,2,1,0
2530,22,1,3,0,1,0
2531,22,0,3,0,1,0
2532,25,1,3,2,1,0
2533,25,0,3,0,1,0
2534,21,0,3,0,1,0
2535,26,1,3,2,1,0
2536,22,0,3,2,1,0
2537,24,0,3,0,1,0
2538,25,0,3,2,1,0
2539,21,0,3,2,1,0
2540,21,1,3,2,1,0
2541,25,1,3,0,1,0
2542,23,1,3,0,1,0
2543,22,0,3,0,1,0
2544,21,0,3,2,1,0
2545,24,0,3,0,1,0
2546,22,0,3,2,1,0
2547,24,1,3,2,1,0
2548,22,1,3,0,1,0
2549,21,1,3,2,1,0
2550,25,1,3,0,1,0
2551,23,1,3,0,1,0
2552,24,1,3,2,1,0
2553,22,0,3,0,1,0
2554,26,0,3,2,1,0
2555,21,0,3,0,1,0
2556,25,0,3,2,1,0
2557,23,0,3,2,1,0
2558,24,0,3,2,1,0
2559,26,0,3,2,1,0
2560,25,0,3,2,1,0
2561,24,0,3,2,1,0
2562,22,1,3,0,1,0
2563,25,1,3,0,1,0
2564,24,0,3,0,1,0
2565,24,0,3,0,1,0
2566,24,0,3,0,1,0
2567,23,0,3,0,1,0
2568,23,0,3,0,1,0
2569,24,1,3,0,1,0
2570,25,1,3,0,1,0
2571,25,0,3,2,1,0
2572,26,0,3,0,1,0
2573,22,1,3,2,1,0
2574,21,0,3,0,1,0
2575,26,0,3,0,1,0
2576,26,1,3,0,1,0
2577,24,1,3,2,1,0
2578,23,0,3,0,1,0
2579,21,0,3,0,1,0
2580,26,1,3,2,1,0
2581,22,1,3,0,1,0
2582,25,0,3,0,1,0
2583,25,0,3,0,1,0
2584,24,1,3,2,1,0
2585,25,0,3,0,1,0
2586,25,0,3,2,1,0
2587,21,0,3,2,1,0
2588,25,0,3,2,1,0
2589,21,0,3,0,1,0
2590,26,1,3,2,1,0
2591,24,1,3,0,1,0
2592,21,0,3,2,1,0
2593,24,0,3,2,1,0
2594,22,0,3,0,1,0
2595,25,0,3,0,1,0
2596,25,0,3,0,1,0
2597,21,0,3,2,1,0
2598,24,1,3,2,1,0
2599,23,1,3,2,1,0
2600,26,1,3,0,1,0
2601,23,1,3,0,1,0
2602,21,0,3,2,1,0
2603,23,0,3,2,1,0
2604,25,1,3,0,1,0
2605,24,0,3,2,1,0
2606,21,0,3,2,1,0
2607,22,1,3,2,1,0
2608,21,1,3,0,1,0
2609,24,1,3,0,1,0
2610,25,0,3,0,1,0
2611,24,1,3,0,1,0
2612,22,0,3,0,1,0
2613,22,0,3,0,1,0
2614,21,1,3,2,1,0
2615,21,1,3,0,1,0
2616,25,1,3,0,1,0
2617,21,0,3,2,1,0
2618,26,0,3,2,1,0
2619,21,1,3,0,1,0
2620,23,0,3,0,1,0
2621,22,1,3,0,1,0
2622,21,0,3,0,1,0
2623,22,1,3,2,1,0
2624,24,0,3,2,1,0
2625,23,1,3,2,1,0
2626,21,0,3,2,1,0
2627,24,0,3,0,1,0
2628,24,0,3,0,1,0
2629,24,1,3,2,1,0
2630,23,0,3,0,1,0
2631,21,0,3,0,1,0
2632,22,0,3,0,1,0
2633,26,0,3,0,1,0
2634,22,0,3,0,1,0
2635,26,0,3,2,1,0
2636,24,1,3,0,1,0
2637,25,0,3,2,1,0
2638,23,1,3,0,1,0
2639,23,1,3,2,1,0
2640,26,1,3,2,1,0
2641,26,0,3,2,1,0
2642,26,1,3,2,1,0
2643,26,1,3,2,1,0
2644,24,1,3,0,1,0
2645,23,0,3,0,1,0
2646,23,0,3,0,1,0
2647,24,0,3,0,1,0
2648,23,1,3,2,1,0
2649,25,0,3,2,1,0
2650,22,1,3,0,1,0
2651,25,1,3,0,1,0
2652,22,0,3,2,1,0
2653,24,0,3,2,1,0
2654,23,0,3,0,1,0
2655,24,1,3,0,1,0
2656,25,0,3,0,1,0
2657,22,0,3,2,1,0
2658,24,0,3,2,1,0
2659,25,1,3,0,1,0
2660,22,0,3,2,1,0
2661,26,0,3,0,1,0
2662,23,0,3,0,1,0
2663,26,1,3,0,1,0
2664,25,1,3,0,1,0
2665,25,1,3,0,1,0
2666,26,1,3,0,1,0
2667,25,0,3,2,1,0
2668,21,0,3,2,1,0
2669,26,0,3,0,1,0
2670,22,0,3,2,1,0
2671,21,1,3,2,1,0
2672,22,0,3,0,1,0
2673,24,0,3,0,1,0
2674,25,0,3,2,1,0
2675,23,0,3,0,1,0
2676,24,0,3,2,1,0
2677,26,1,3,0,1,0
2678,23,0,3,0,1,0
2679,23,0,3,0,1,0
2680,26,0,3,2,1,0
2681,24,0,3,0,1,0
2682,26,0,3,2,1,0
2683,25,0,3,0,1,0
2684,25,0,3,2,1,0
2685,24,0,3,0,1,0
2686,24,1,3,0,1,0
2687,22,1,3,2,1,0
2688,21,0,3,0,1,0
2689,22,0,3,0,1,0
2690,22,1,3,2,1,0
2691,26,0,3,0,1,0
2692,23,0,3,0,1,0
2693,24,0,3,2,1,0
2694,23,0,3,2,1,0
2695,22,0,3,0,1,0
2696,24,0,3,2,1,0
2697,24,0,3,0,1,0
2698,25,0,3,0,1,0
2699,25,1,3,0,1,0
2700,25,0,3,0,1,0
2701,25,0,3,2,1,0
2702,24,0,3,2,1,0
2703,21,0,3,0,1,0
2704,24,0,3,0,1,0
2705,26,0,3,0,1,0
2706,21,0,3,0,1,0
2707,22,0,3,2,1,0
2708,25,1,3,2,1,0
2709,26,1,3,2,1,0
2710,23,0,3,2,1,0
2711,23,1,3,0,1,0
2712,22,1,3,0,1,0
2713,25,0,3,2,1,0
2714,21,0,3,2,1,0
2715,22,0,3,2,1,0
2716,23,0,3,0,1,0
2717,25,1,3,0,1,0
2718,24,1,3,0,1,0
2719,26,0,3,0,1,0
2720,26,1,3,0,1,0
2721,21,0,3,2,1,0
2722,24,0,3,2,1,0
2723,23,1,3,2,1,0
2724,21,1,3,2,1,0
2725,21,1,3,0,1,0
2726,24,0,3,0,1,0
2727,25,0,3,2,1,0
2728,23,0,3,0,1,0
2729,23,1,3,0,1,0
2730,24,0,3,0,1,0
2731,23,0,3,2,1,0
2732,22,0,3,0,1,0
2733,23,1,3,0,1,0
2734,21,0,3,2,1,0
2735,25,0,3,0,1,0
2736,26,1,3,0,1,0
2737,24,0,3,2,1,0
2738,26,1,3,2,1,0
2739,22,0,3,2,1,0
2740,21,0,3,2,1,0
2741,25,0,3,0,1,0
2742,24,1,3,2,1,0
2743,24,0,3,2,1,0
2744,23,1,3,2,1,0
2745,22,1,3,0,1,0
2746,23,1,3,2,1,0
2747,21,1,3,0,1,0
2748,24,1,3,2,1,0
2749,23,1,3,0,1,0
2750,24,1,3,0,1,0
2751,22,1,3,2,1,0
2752,25,0,3,0,1,0
2753,21,0,3,0,1,0
2754,21,0,3,2,1,0
2755,22,0,3,2,1,0
2756,24,0,3,2,1,0
2757,24,1,3,0,1,0
2758,23,0,3,0,1,0
2759,22,1,3,0,1,0
2760,23,0,3,2,1,0
2761,21,0,3,2,1,0
2762,26,0,3,0,1,0
2763,24,1,3,2,1,0
2764,24,0,3,0,1,0
2765,24,1,3,2,1,0
2766,22,1,3,2,1,0
2767,21,0,3,2,1,0
2768,24,0,3,0,1,0
2769,25,0,3,0,1,0
2770,26,0,3,2,1,0
2771,24,1,3,2,1,0
2772,25,0,3,0,1,0
2773,26,1,3,0,1,0
2774,21,0,3,0,1,0
2775,21,0,3,0,1,0
2776,22,1,3,0,1,0
2777,24,0,3,0,1,0
2778,26,1,3,0,1,0
2779,22,0,3,0,1,0
2780,25,0,3,2,1,0
2781,23,0,3,0,1,0
2782,21,0,3,2,1,0
2783,25,1,3,0,1,0
2784,24,1,3,0,1,0
2785,25,1,3,2,1,0
2786,24,1,3,0,1,0
2787,26,0,3,2,1,0
2788,21,0,3,0,1,0
2789,22,0,3,2,1,0
2790,21,1,3,2,1,0
2791,26,0,3,2,1,0
2792,24,1,3,2,1,0
2793,26,0,3,0,1,0
2794,26,0,3,2,1,0
2795,22,1,3,0,1,0
2796,21,0,3,2,1,0
2797,25,0,3,2,1,0
2798,21,1,3,0,1,0
2799,22,1,3,2,1,0
2800,26,1,3,2,1,0
2801,22,1,3,2,1,0
2802,21,1,3,0,1,0
2803,21,0,3,0,1,0
2804,21,0,3,0,1,0
2805,24,0,3,2,1,0
2806,26,0,3,0,1,0
2807,24,0,3,2,1,0
2808,24,0,3,2,1,0
2809,23,1,3,2,1,0
2810,26,1,3,2,1,0
2811,25,0,3,0,1,0
2812,25,0,3,2,1,0
2813,22,1,3,0,1,0
2814,22,1,3,0,1,0
2815,25,0,3,2,1,0
2816,25,1,3,2,1,0
2817,23,0,3,2,1,0
2818,26,0,3,0,1,0
2819,23,1,3,2,1,0
2820,24,0,3,0,1,0
2821,21,0,3,0,1,0
2822,21,0,3,0,1,0
2823,24,1,3,2,1,0
2824,26,0,3,0,1,0
2825,21,1,3,0,1,0
2826,22,1,3,2,1,0
2827,22,0,3,2,1,0
2828,23,0,3,2,1,0
2829,25,0,3,2,1,0
2830,21,1,3,0,1,0
2831,25,0,3,2,1,0
2832,24,0,3,0,1,0
2833,23,0,3,2,1,0
2834,24,0,3,2,1,0
2835,21,0,3,0,1,0
2836,25,0,3,2,1,0
2837,24,0,3,2,1,0
2838,25,0,3,0,1,0
2839,23,0,3,0,1,0
2840,25,0,3,0,1,0
2841,25,0,3,2,1,0
2842,23,1,3,2,1,0
2843,22,0,3,2,1,0
2844,21,1,3,2,1,0
2845,25,1,3,2,1,0
2846,24,0,3,2,1,0
2847,24,1,3,0,1,0
2848,21,0,3,2,1,0
2849,26,0,3,0,1,0
2850,23,0,3,0,1,0
2851,22,0,3,2,1,0
2852,23,0,3,0,1,0
2853,25,0,3,2,1,0
2854,23,1,3,2,1,0
2855,25,0,3,2,1,0
2856,23,0,3,0,1,0
2857,21,0,3,0,1,0
2858,23,0,3,2,1,0
2859,25,1,3,2,1,0
2860,23,1,3,0,1,0
2861,22,1,3,0,1,0
2862,23,0,3,0,1,0
2863,26,1,3,0,1,0
2864,25,1,3,0,1,0
2865,21,0,3,2,1,0
2866,24,0,3,0,1,0
2867,26,1,3,0,1,0
2868,25,0,3,2,1,0
2869,21,0,3,2,1,0
2870,26,0,3,2,1,0
2871,24,0,3,2,1,0
2872,21,0,3,0,1,0
2873,22,1,3,2,1,0
2874,23,0,3,2,1,0
2875,26,1,3,0,1,0
2876,24,0,3,2,1,0
2877,22,1,3,2,1,0
2878,26,0,3,0,1,0
2879,23,0,3,2,1,0
2880,22,1,3,0,1,0
2881,24,0,3,2,1,0
2882,21,0,3,0,1,0
2883,22,1,3,0,1,0
2884,22,0,3,2,1,0
2885,23,0,3,2,1,0
2886,22,0,3,0,1,0
2887,22,0,3,0,1,0
2888,23,1,3,0,1,0
2889,24,0,3,2,1,0
2890,25,1,3,2,1,0
2891,21,0,3,0,1,0
2892,23,0,3,0,1,0
2893,25,0,3,2,1,0
2894,25,0,3,2,1,0
2895,24,1,3,0,1,0
2896,23,0,3,0,1,0
2897,21,1,3,2,1,0
2898,22,0,3,2,1,0
2899,24,0,3,0,1,0
2900,25,0,3,2,1,0
2901,26,0,3,2,1,0
2902,23,1,3,0,1,0
2903,23,0,3,2,1,0
2904,26,0,3,2,1,0
2905,26,1,3,0,1,0
2906,25,0,3,0,1,0
2907,23,1,3,0,1,0
2908,21,0,3,0,1,0
2909,21,0,3,0,1,0
2910,24,0,3,2,1,0
2911,23,1,3,2,1,0
2912,24,1,3,2,1,0
2913,22,0,3,2,1,0
2914,26,1,3,2,1,0
2915,25,1,3,2,1,0
2916,26,0,3,0,1,0
2917,25,1,3,0,1,0
2918,26,1,3,2,1,0
2919,22,0,3,0,1,0
2920,22,1,3,0,1,0
2921,26,0,3,2,1,0
2922,26,0,3,0,1,0
2923,22,1,3,0,1,0
2924,26,1,3,2,1,0
2925,24,0,3,2,1,0
2926,21,1,3,0,1,0
2927,25,0,3,2,1,0
2928,25,0,3,0,1,0
2929,21,1,3,0,1,0
2930,24,0,3,2,1,0
2931,23,1,3,0,1,0
2932,26,1,3,2,1,0
2933,21,1,3,2,1,0
2934,22,0,3,0,1,0
2935,24,0,3,0,1,0
2936,25,1,3,2,1,0
2937,22,1,3,0,1,0
2938,21,0,3,0,1,0
2939,26,1,3,0,1,0
2940,25,1,3,2,1,0
2941,21,0,3,0,1,0
2942,23,0,3,0,1,0
2943,22,1,3,2,1,0
2944,21,0,3,0,1,0
2945,25,0,3,0,1,0
2946,26,0,3,2,1,0
2947,23,0,3,2,1,0
2948,25,1,3,2,1,0
2949,23,0,3,0,1,0
2950,23,0,3,2,1,0
2951,25,0,3,0,1,0
2952,22,1,3,2,1,0
2953,21,1,3,0,1,0
2954,21,0,3,2,1,0
2955,25,0,3,2,1,0
2956,23,1,3,2,1,0
2957,26,0,3,2,1,0
2958,23,0,3,2,1,0
2959,21,0,3,2,1,0
2960,23,1,3,0,1,0
2961,22,1,3,0,1,0
2962,22,0,3,0,1,0
2963,26,0,3,2,1,0
2964,26,0,3,0,1,0
2965,26,1,3,0,1,0
2966,21,0,3,0,1,0
2967,25,0,3,0,1,0
2968,21,0,3,2,1,0
2969,25,0,3,0,1,0
2970,21,1,3,2,1,0
2971,21,0,3,2,1,0
2972,25,0,3,0,1,0
2973,22,1,3,2,1,0
2974,25,0,3,2,1,0
2975,26,0,3,0,1,0
2976,21,1,3,2,1,0
2977,24,1,3,0,1,0
2978,22,0,3,0,1,0
2979,26,1,3,0,1,0
2980,21,0,3,0,1,0
2981,22,0,3,0,1,0
2982,25,1,3,2,1,0
2983,24,0,3,2,1,0
2984,23,0,3,2,1,0
2985,23,1,3,0,1,0
2986,21,1,3,2,1,0
2987,26,0,3,2,1,0
2988,22,0,3,2,1,0
2989,23,0,3,2,1,0
2990,23,1,3,2,1,0
2991,26,0,3,2,1,0
2992,26,1,3,2,1,0
2993,25,0,3,0,1,0
2994,25,0,3,2,1,0
2995,21,1,3,2,1,0
2996,22,1,3,2,1,0
2997,25,1,3,2,1,0
2998,24,0,3,0,1,0
2999,22,1,3,2,1,0
3000,21,1,3,0,1,0
3001,27,0,3,0,1,0
3002,30,1,3,0,1,0
3003,24,1,3,2,1,0
3004,28,0,3,0,1,0
3005,31,0,3,0,1,0
3006,31,0,3,0,1,0
3007,27,0,3,0,1,0
3008,24,1,3,0,1,0
3009,24,1,3,0,1,0
3010,31,0,3,0,1,0
3011,30,0,3,0,1,0
3012,26,0,3,2,1,0
3013,30,0,3,0,1,0
3014,31,0,3,2,1,0
3015,29,0,3,0,1,0
3016,32,1,3,0,1,0
3017,28,0,3,0,1,0
3018,27,0,3,0,1,0
3019,26,0,3,0,1,0
3020,26,0,3,0,1,0
3021,30,0,3,0,1,0
3022,30,1,3,0,1,0
3023,31,1,3,0,1,0
3024,32,0,3,0,1,0
3025,24,1,3,0,1,0
3026,26,0,3,0,1,0
3027,26,1,3,0,1,0
3028,28,0,3,0,1,0
3029,29,1,3,0,1,0
3030,26,0,3,0,1,0
3031,30,1,3,0,1,0
3032,25,0,3,2,1,0
3033,31,0,3,2,1,0
3034,30,0,3,2,1,0
3035,30,1,3,0,1,0
3036,29,1,3,0,1,0
3037,30,0,3,2,1,0
3038,27,1,3,0,1,0
3039,25,0,3,0,1,0
3040,27,0,3,0,1,0
3041,31,1,3,0,1,0
3042,29,0,3,0,1,0
3043,25,0,3,0,1,0
3044,31,0,3,0,1,0
3045,31,0,3,2,1,0
3046,25,0,3,0,1,0
3047,30,1,3,0,1,0
3048,24,0,3,0,1,0
3049,27,1,3,0,1,0
3050,25,1,3,2,1,0
3051,25,0,3,0,1,0
3052,30,1,3,0,1,0
3053,27,0,3,2,1,0
3054,32,0,3,2,1,0
3055,31,1,3,0,1,0
3056,32,0,3,0,1,0
3057,24,1,3,0,1,0
3058,26,1,3,0,1,0
3059,32,0,3,0,1,0
3060,30,1,3,0,1,0
3061,26,0,3,0,1,0
3062,29,1,3,2,1,0
3063,25,0,3,0,1,0
3064,26,0,3,0,1,0
3065,27,0,3,0,1,0
3066,27,1,3,0,1,0
3067,24,1,3,0,1,0
3068,25,0,3,0,1,0
3069,25,0,3,0,1,0
3070,27,0,3,2,1,0
3071,26,0,3,0,1,0
3072,32,0,3,0,1,0
3073,32,1,3,0,1,0
3074,24,1,3,2,1,0
3075,27,0,3,0,1,0
3076,27,0,3,0,1,0
3077,29,0,3,0,1,0
3078,32,0,3,0,1,0
3079,30,0,3,0,1,0
3080,28,0,3,0,1,0
3081,29,0,3,0,1,0
3082,32,0,3,0,1,0
3083,24,1,3,2,1,0
3084,31,1,3,0,1,0
3085,27,0,3,0,1,0
3086,28,0,3,0,1,0
3087,28,1,3,2,1,0
3088,26,0,3,0,1,0
3089,27,0,3,0,1,0
3090,28,1,3,2,1,0
3091,31,0,3,0,1,0
3092,25,0,3,0,1,0
3093,32,0,3,0,1,0
3094,26,0,3,2,1,0
3095,26,0,3,0,1,0
3096,27,1,3,0,1,0
3097,32,1,3,2,1,0
3098,31,1,3,2,1,0
3099,27,0,3,0,1,0
3100,28,0,3,0,1,0
3101,31,0,3,0,1,0
3102,26,1,3,0,1,0
3103,32,1,3,0,1,0
3104,32,0,3,0,1,0
3105,24,0,3,0,1,0
3106,32,1,3,0,1,0
3107,26,1,3,0,1,0
3108,30,0,3,0,1,0
3109,31,0,3,0,1,0
3110,28,0,3,0,1,0
3111,29,0,3,0,1,0
3112,27,0,3,0,1,0
3113,32,0,3,2,1,0
3114,24,1,3,0,1,0
3115,24,0,3,0,1,0
3116,28,0,3,2,1,0
3117,24,0,3,0,1,0
3118,31,1,3,0,1,0
3119,28,1,3,0,1,0
3120,31,0,3,0,1,0
3121,29,1,3,0,1,0
3122,28,1,3,0,1,0
3123,28,0,3,0,1,0
3124,32,1,3,0,1,0
3125,25,1,3,0,1,0
3126,27,1,3,0,1,0
3127,26,1,3,0,1,0
3128,27,0,3,0,1,0
3129,29,0,3,0,1,0
3130,28,0,3,0,1,0
3131,27,0,3,0,1,0
3132,24,1,3,0,1,0
3133,28,0,3,0,1,0
3134,24,0,3,0,1,0
3135,26,0,3,0,1,0
3136,31,0,3,0,1,0
3137,25,1,3,0,1,0
3138,27,0,3,0,1,0
3139,28,1,3,0,1,0
3140,32,0,3,2,1,0
3141,32,1,3,0,1,0
3142,26,1,3,2,1,0
3143,32,1,3,0,1,0
3144,25,1,3,0,1,0
3145,25,1,3,0,1,0
3146,27,1,3,2,1,0
3147,31,0,3,0,1,0
3148,27,0,3,0,1,0
3149,26,0,3,0,1,0
3150,29,0,3,0,1,0
3151,31,1,3,2,1,0
3152,27,0,3,0,1,0
3153,32,1,3,0,1,0
3154,25,0,3,0,1,0
3155,30,0,3,0,1,0
3156,27,1,3,0,1,0
3157,25,1,3,0,1,0
3158,32,0,3,0,1,0
3159,31,0,3,2,1,0
3160,31,0,3,0,1,0
3161,28,0,3,0,1,0
3162,24,1,3,2,1,0
3163,24,0,3,2,1,0
3164,30,1,3,0,1,0
3165,29,1,3,0,1,0
3166,27,0,3,0,1,0
3167,31,0,3,2,1,0
3168,30,0,3,0,1,0
3169,28,0,3,0,1,0
3170,28,1,3,0,1,0
3171,28,1,3,0,1,0
3172,29,0,3,0,1,0
3173,26,0,3,0,1,0
3174,24,0,3,2,1,0
3175,24,0,3,0,1,0
3176,24,1,3,0,1,0
3177,31,0,3,0,1,0
3178,27,0,3,2,1,0
3179,27,1,3,2,1,0
3180,27,0,3,0,1,0
3181,31,1,3,0,1,0
3182,25,0,3,0,1,0
3183,29,0,3,2,1,0
3184,24,0,3,0,1,0
3185,32,1,3,0,1,0
3186,26,0,3,0,1,0
3187,32,0,3,0,1,0
3188,29,1,3,0,1,0
3189,24,0,3,0,1,0
3190,28,0,3,0,1,0
3191,27,0,3,0,1,0
3192,25,1,3,0,1,0
3193,25,1,3,2,1,0
3194,27,1,3,0,1,0
3195,28,1,3,0,1,0
3196,27,0,3,2,1,0
3197,31,0,3,0,1,0
3198,32,0,3,0,1,0
3199,27,0,3,0,1,0
3200,28,0,3,2,1,0
3201,24,1,3,0,1,0
3202,30,0,3,0,1,0
3203,28,0,3,0,1,0
3204,30,1,3,0,1,0
3205,27,0,3,0,1,0
3206,26,1,3,2,1,0
3207,28,1,3,0,1,0
3208,27,0,3,0,1,0
3209,24,1,3,0,1,0
3210,30,1,3,0,1,0
3211,32,0,3,0,1,0
3212,32,0,3,0,1,0
3213,31,0,3,0,1,0
3214,24,1,3,0,1,0
3215,28,0,3,2,1,0
3216,24,0,3,0,1,0
3217,29,0,3,0,1,0
3218,29,1,3,0,1,0
3219,31,0,3,0,1,0
3220,25,0,3,0,1,0
3221,28,0,3,0,1,0
3222,27,0,3,0,1,0
3223,31,1,3,0,1,0
3224,26,1,3,0,1,0
3225,27,0,3,0,1,0
3226,32,0,3,0,1,0
3227,30,1,3,2,1,0
3228,32,0,3,2,1,0
3229,24,1,3,0,1,0
3230,32,0,3,0,1,0
3231,31,0,3,2,1,0
3232,30,1,3,2,1,0
3233,25,0,3,0,1,0
3234,29,1,3,2,1,0
3235,25,0,3,0,1,0
3236,31,1,3,0,1,0
3237,32,1,3,2,1,0
3238,27,0,3,2,1,0
3239,28,0,3,0,1,0
3240,30,1,3,0,1,0
3241,25,1,3,0,1,0
3242,27,1,3,0,1,0
3243,25,1,3,0,1,0
3244,26,0,3,0,1,0
3245,26,1,3,0,1,0
3246,27,0,3,2,1,0
3247,31,0,3,0,1,0
3248,26,0,3,0,1,0
3249,27,0,3,0,1,0
3250,30,0,3,0,1,0
3251,32,1,3,0,1,0
3252,24,1,3,0,1,0
3253,26,0,3,0,1,0
3254,31,1,3,2,1,0
3255,28,1,3,0,1,0
3256,27,0,3,0,1,0
3257,31,0,3,0,1,0
3258,26,1,3,0,1,0
3259,24,0,3,0,1,0
3260,30,1,3,0,1,0
3261,32,1,3,0,1,0
3262,31,0,3,0,1,0
3263,31,1,3,0,1,0
3264,31,1,3,0,1,0
3265,25,0,3,0,1,0
3266,24,0,3,0,1,0
3267,30,1,3,0,1,0
3268,29,0,3,0,1,0
3269,32,0,3,0,1,0
3270,29,0,3,0,1,0
3271,31,0,3,2,1,0
3272,30,0,3,2,1,0
3273,31,1,3,0,1,0
3274,27,0,3,0,1,0
3275,29,1,3,0,1,0
3276,27,0,3,2,1,0
3277,24,0,3,0,1,0
3278,26,0,3,0,1,0
3279,30,0,3,2,1,0
3280,27,0,3,0,1,0
3281,29,1,3,0,1,0
3282,27,0,3,0,1,0
3283,32,0,3,0,1,0
3284,27,0,3,2,1,0
3285,24,0,3,0,1,0
3286,28,0,3,0,1,0
3287,26,1,3,0,1,0
3288,27,1,3,0,1,0
3289,26,0,3,0,1,0
3290,25,0,3,0,1,0
3291,30,0,3,2,1,0
3292,32,1,3,0,1,0
3293,30,0,3,2,1,0
3294,30,1,3,2,1,0
3295,27,1,3,0,1,0
3296,29,1,3,0,1,0
3297,28,0,3,0,1,0
3298,30,1,3,0,1,0
3299,29,1,3,0,1,0
3300,25,0,3,0,1,0
3301,25,0,3,2,1,0
3302,30,0,3,0,1,0
3303,27,0,3,0,1,0
3304,29,0,3,0,1,0
3305,29,1,3,0,1,0
3306,27,0,3,0,1,0
3307,25,1,3,0,1,0
3308,24,1,3,2,1,0
3309,24,0,3,0,1,0
3310,29,1,3,0,1,0
3311,24,0,3,0,1,0
3312,30,1,3,0,1,0
3313,31,1,3,2,1,0
3314,29,0,3,0,1,0
3315,26,1,3,0,1,0
3316,27,0,3,2,1,0
3317,26,1,3,0,1,0
3318,29,0,3,0,1,0
3319,26,0,3,0,1,0
3320,25,0,3,0,1,0
3321,25,0,3,2,1,0
3322,26,0,3,0,1,0
3323,27,0,3,0,1,0
3324,25,0,3,0,1,0
3325,26,0,3,2,1,0
3326,27,0,3,0,1,0
3327,24,0,3,0,1,0
3328,28,0,3,0,1,0
3329,29,0,3,0,1,0
3330,31,1,3,0,1,0
3331,29,0,3,0,1,0
3332,25,0,3,0,1,0
3333,29,1,3,0,1,0
3334,31,0,3,0,1,0
3335,27,0,3,2,1,0
3336,24,0,3,0,1,0
3337,28,0,3,0,1,0
3338,30,1,3,2,1,0
3339,25,0,3,0,1,0
3340,25,0,3,0,1,0
3341,25,0,3,0,1,0
3342,24,1,3,2,1,0
3343,26,0,3,0,1,0
3344,31,0,3,2,1,0
3345,31,1,3,0,1,0
3346,29,1,3,0,1,0
3347,27,0,3,0,1,0
3348,28,1,3,0,1,0
3349,29,0,3,0,1,0
3350,28,0,3,0,1,0
3351,29,1,3,2,1,0
3352,32,0,3,2,1,0
3353,28,1,3,0,1,0
3354,29,0,3,0,1,0
3355,26,0,3,2,1,0
3356,29,0,3,0,1,0
3357,28,1,3,2,1,0
3358,29,1,3,0,1,0
3359,32,1,3,0,1,0
3360,30,0,3,0,1,0
3361,27,0,3,0,1,0
3362,27,1,3,0,1,0
3363,28,0,3,0,1,0
3364,25,0,3,0,1,0
3365,29,0,3,2,1,0
3366,28,0,3,0,1,0
3367,26,0,3,2,1,0
3368,24,0,3,0,1,0
3369,27,0,3,0,1,0
3370,30,1,3,0,1,0
3371,26,0,3,0,1,0
3372,28,1,3,0,1,0
3373,27,1,3,0,1,0
3374,30,0,3,0,1,0
3375,28,0,3,0,1,0
3376,30,0,3,0,1,0
3377,31,1,3,2,1,0
3378,27,1,3,0,1,0
3379,30,0,3,0,1,0
3380,30,0,3,0,1,0
3381,31,1,3,0,1,0
3382,29,0,3,0,1,0
3383,31,1,3,2,1,0
3384,31,0,3,2,1,0
3385,32,0,3,0,1,0
3386,28,0,3,0,1,0
3387,29,1,3,0,1,0
3388,32,0,3,0,1,0
3389,27,1,3,0,1,0
3390,27,0,3,0,1,0
3391,31,0,3,2,1,0
3392,30,0,3,0,1,0
3393,32,1,3,0,1,0
3394,25,0,3,0,1,0
3395,30,1,3,0,1,0
3396,28,0,3,2,1,0
3397,26,0,3,0,1,0
3398,29,1,3,0,1,0
3399,27,0,3,0,1,0
3400,26,1,3,0,1,0
3401,26,1,3,0,1,0
3402,31,0,3,0,1,0
3403,32,0,3,2,1,0
3404,31,1,3,2,1,0
3405,25,0,3,0,1,0
3406,29,0,3,2,1,0
3407,27,1,3,0,1,0
3408,28,1,3,0,1,0
3409,25,0,3,0,1,0
3410,32,1,3,0,1,0
3411,25,0,3,0,1,0
3412,29,0,3,0,1,0
3413,30,0,3,2,1,0
3414,24,0,3,0,1,0
3415,30,0,3,2,1,0
3416,25,1,3,0,1,0
3417,30,0,3,0,1,0
3418,28,0,3,0,1,0
3419,28,1,3,0,1,0
3420,28,0,3,2,1,0
3421,25,1,3,0,1,0
3422,31,1,3,0,1,0
3423,26,1,3,0,1,0
3424,29,1,3,2,1,0
3425,30,0,3,0,1,0
3426,31,0,3,0,1,0
3427,31,0,3,0,1,0
3428,32,0,3,2,1,0
3429,24,1,3,0,1,0
3430,27,1,3,0,1,0
3431,28,0,3,0,1,0
3432,29,1,3,0,1,0
3433,24,0,3,0,1,0
3434,31,0,3,0,1,0
3435,24,0,3,0,1,0
3436,31,0,3,0,1,0
3437,28,1,3,0,1,0
3438,32,1,3,0,1,0
3439,28,0,3,2,1,0
3440,32,1,3,0,1,0
3441,30,1,3,0,1,0
3442,28,0,3,0,1,0
3443,25,0,3,0,1,0
3444,30,1,3,0,1,0
3445,24,0,3,0,1,0
3446,29,1,3,0,1,0
3447,27,0,3,2,1,0
3448,27,0,3,2,1,0
3449,27,1,3,0,1,0
3450,31,0,3,0,1,0
3451,32,0,3,0,1,0
3452,27,0,3,0,1,0
3453,24,0,3,0,1,0
3454,29,0,3,0,1,0
3455,30,0,3,0,1,0
3456,30,1,3,0,1,0
3457,32,1,3,0,1,0
3458,32,0,3,2,1,0
3459,28,1,3,2,1,0
3460,28,0,3,0,1,0
3461,31,1,3,0,1,0
3462,26,1,3,0,1,0
3463,25,0,3,0,1,0
3464,25,1,3,0,1,0
3465,29,1,3,0,1,0
3466,26,1,3,2,1,0
3467,27,1,3,0,1,0
3468,30,0,3,2,1,0
3469,27,0,3,2,1,0
3470,30,0,3,0,1,0
3471,30,1,3,0,1,0
3472,24,1,3,2,1,0
3473,25,1,3,2,1,0
3474,27,0,3,0,1,0
3475,30,0,3,0,1,0
3476,26,0,3,2,1,0
3477,32,1,3,0,1,0
3478,28,0,3,0,1,0
3479,30,0,3,0,1,0
3480,29,1,3,0,1,0
3481,32,1,3,0,1,0
3482,30,0,3,2,1,0
3483,30,0,3,0,1,0
3484,32,0,3,0,1,0
3485,25,0,3,0,1,0
3486,24,0,3,0,1,0
3487,27,1,3,0,1,0
3488,26,0,3,0,1,0
3489,32,1,3,0,1,0
3490,32,1,3,0,1,0
3491,31,0,3,0,1,0
3492,31,1,3,0,1,0
3493,24,0,3,0,1,0
3494,26,0,3,2,1,0
3495,29,1,3,0,1,0
3496,27,0,3,0,1,0
3497,28,0,3,0,1,0
3498,26,1,3,0,1,0
3499,25,0,3,2,1,0
3500,30,1,3,2,1,0
3501,55,0,1,0,2,0
3502,75,0,1,0,1,0
3503,35,0,1,0,2,0
3504,35,1,2,0,1,0
3505,85,1,1,0,1,0
3506,45,1,1,0,1,0
3507,75,0,1,0,1,0
3508,75,0,1,0,2,0
3509,35,0,1,0,2,0
3510,45,1,1,0,1,0
3511,55,0,1,0,1,0
3512,55,0,1,0,1,0
3513,75,0,1,0,1,0
3514,35,0,1,0,1,0
3515,35,0,1,0,1,0
3516,45,1,1,0,1,0
3517,35,0,1,0,1,0
3518,55,1,1,0,1,0
3519,75,1,1,0,1,0
3520,35,1,1,0,1,0
3521,55,1,1,0,1,0
3522,45,1,1,0,1,0
3523,55,0,2,0,1,0
3524,35,0,1,0,1,0
3525,55,1,1,0,2,0
3526,35,0,1,0,1,0
3527,35,0,2,0,1,0
3528,35,1,2,0,1,0
3529,45,1,1,0,1,0
3530,65,1,2,0,1,0
3531,55,0,1,0,1,0
3532,65,1,1,0,1,0
3533,65,0,1,0,1,0
3534,65,0,1,0,1,0
3535,35,1,1,0,1,0
3536,75,0,1,0,2,0
3537,35,0,2,0,2,0
3538,55,0,1,0,1,0
3539,45,0,1,0,1,0
3540,35,1,1,0,1,0
3541,35,0,1,0,1,0
3542,55,1,1,0,1,0
3543,55,1,1,0,1,0
3544,65,1,1,0,1,0
3545,35,1,2,0,1,0
3546,55,0,1,0,2,0
3547,65,0,2,0,2,0
3548,55,0,1,0,1,0
3549,75,0,2,0,1,0
3550,35,0,1,0,1,0
3551,55,1,2,0,1,0
3552,55,1,1,0,1,0
3553,55,1,2,0,2,0
3554,45,0,1,0,2,0
3555,55,1,2,0,1,0
3556,35,0,1,0,1,0
3557,65,0,2,0,2,0
3558,35,1,1,0,1,0
3559,55,0,1,0,2,0
3560,55,1,1,0,1,0
3561,55,0,1,0,1,0
3562,45,1,1,0,2,0
3563,55,1,1,0,1,0
3564,35,1,1,0,2,0
3565,75,1,1,0,1,0
3566,45,0,2,0,1,0
3567,45,1,2,0,1,0
3568,55,0,1,0,1,0
3569,55,1,1,0,1,0
3570,55,0,1,0,1,0
3571,45,0,2,0,2,0
3572,75,1,2,0,1,0
3573,85,1,1,0,1,0
3574,45,1,1,0,1,0
3575,55,1,1,0,1,0
3576,35,1,1,0,2,0
3577,65,0,1,0,2,0
3578,35,1,1,0,1,0
3579,35,0,1,0,1,0
3580,35,1,1,0,1,0
3581,55,0,2,0,1,0
3582,75,0,1,0,1,0
3583,55,1,1,0,1,0
3584,55,0,1,0,2,0
3585,45,0,1,0,1,0
3586,55,0,1,0,1,0
3587,75,0,1,0,2,0
3588,65,0,1,0,1,0
3589,65,1,1,0,2,0
3590,55,0,1,0,1,0
3591,35,0,1,0,1,0
3592,55,0,2,0,1,0
3593,45,1,1,0,1,0
3594,55,0,1,0,1,0
3595,55,0,1,0,1,0
3596,65,1,1,0,2,0
3597,65,1,1,0,1,0
3598,35,0,1,0,2,0
3599,45,0,2,0,2,0
3600,45,0,1,0,1,0
3601,55,1,2,0,1,0
3602,45,1,1,0,1,0
3603,65,1,1,0,2,0
3604,55,0,1,0,1,0
3605,35,0,1,0,1,0
3606,45,0,2,0,1,0
3607,55,0,1,0,1,0
3608,35,1,2,0,1,0
3609,75,0,1,0,1,0
3610,45,0,1,0,1,0
3611,45,1,1,0,1,0
3612,35,1,2,0,2,0
3613,75,0,1,0,1,0
3614,85,0,1,0,1,0
3615,65,1,1,0,1,0
3616,85,1,1,0,1,0
3617,45,0,1,0,1,0
3618,35,0,1,0,1,0
3619,35,1,1,0,1,0
3620,45,1,1,0,1,0
3621,65,0,1,0,1,0
3622,65,0,1,0,2,0
3623,45,1,1,0,1,0
3624,85,1,1,0,1,0
3625,55,1,1,0,2,0
3626,55,1,1,0,1,0
3627,45,1,1,0,1,0
3628,85,1,1,0,2,0
3629,45,1,1,0,1,0
3630,65,1,1,0,1,0
3631,35,0,1,0,2,0
3632,45,0,2,0,1,0
3633,35,0,1,0,2,0
3634,45,0,2,0,1,0
3635,55,1,2,0,1,0
3636,65,0,2,0,1,0
3637,45,1,1,0,1,0
3638,65,0,1,0,1,0
3639,65,0,1,0,2,0
3640,35,1,1,0,2,0
3641,75,0,1,0,2,0
3642,45,1,1,0,2,0
3643,55,1,1,0,1,0
3644,55,0,2,0,2,0
3645,35,1,1,0,1,0
3646,55,0,1,0,1,0
3647,55,1,1,0,2,0
3648,45,0,1,0,1,0
3649,55,1,1,0,1,0
3650,35,1,1,0,1,0
3651,35,0,1,0,1,0
3652,65,0,2,0,1,0
3653,55,0,2,0,1,0
3654,55,1,1,0,1,0
3655,55,0,2,0,1,0
3656,55,0,1,0,1,0
3657,55,0,1,0,1,0
3658,35,0,2,0,1,0
3659,35,0,1,0,1,0
3660,65,0,1,0,2,0
3661,55,0,1,0,2,0
3662,45,0,2,0,2,0
3663,55,0,1,0,2,0
3664,35,1,1,0,1,0
3665,35,0,1,0,1,0
3666,55,1,1,0,1,0
3667,35,0,1,0,1,0
3668,45,1,2,0,1,0
3669,35,1,1,0,1,0
3670,75,0,1,0,1,0
3671,45,1,1,0,1,0
3672,65,0,1,0,1,0
3673,35,0,1,0,1,0
3674,65,1,1,0,1,0
3675,35,1,1,0,1,0
3676,55,0,1,0,1,0
3677,55,1,2,0,1,0
3678,45,1,1,0,1,0
3679,65,1,1,0,1,0
3680,55,1,1,0,1,0
3681,65,0,2,0,1,0
3682,65,0,1,0,1,0
3683,35,1,1,0,1,0
3684,65,1,1,0,1,0
3685,65,0,2,0,1,0
3686,75,0,2,0,1,0
3687,75,1,1,0,1,0
3688,45,0,1,0,1,0
3689,75,0,1,0,1,0
3690,55,1,1,0,1,0
3691,55,0,1,0,1,0
3692,35,1,1,0,1,0
3693,55,0,1,0,1,0
3694,35,0,1,0,2,0
3695,55,1,2,0,1,0
3696,55,0,1,0,1,0
3697,65,1,2,0,1,0
3698,75,1,2,0,1,0
3699,65,1,1,0,1,0
3700,65,0,1,0,1,0
3701,65,1,2,0,1,0
3702,65,1,2,0,1,0
3703,35,0,1,0,2,0
3704,55,1,1,0,2,0
3705,55,1,1,0,1,0
3706,65,1,1,0,1,0
3707,45,0,1,0,1,0
3708,35,0,1,0,1,0
3709,45,1,1,0,1,0
3710,55,1,2,0,1,0
3711,75,1,1,0,1,0
3712,35,1,2,0,1,0
3713,35,1,1,0,2,0
3714,55,1,1,0,1,0
3715,65,1,1,0,1,0
3716,45,0,1,0,1,0
3717,65,1,1,0,1,0
3718,55,0,1,0,1,0
3719,75,0,2,0,1,0
3720,55,1,1,0,2,0
3721,65,0,1,0,1,0
3722,65,1,1,0,1,0
3723,35,1,2,0,1,0
3724,55,1,1,0,1,0
3725,65,0,2,0,2,0
3726,45,0,1,0,1,0
3727,35,0,1,0,1,0
3728,55,0,1,0,1,0
3729,55,0,2,0,1,0
3730,45,0,2,0,1,0
3731,65,1,1,0,2,0
3732,45,1,1,0,1,0
3733,35,0,1,0,2,0
3734,35,0,1,0,1,0
3735,55,1,1,0,1,0
3736,45,0,1,0,1,0
3737,45,1,2,0,2,0
3738,35,0,1,0,1,0
3739,65,1,1,0,2,0
3740,35,0,1,0,1,0
3741,55,0,1,0,2,0
3742,75,1,1,0,1,0
3743,55,0,1,0,1,0
3744,35,1,1,0,1,0
3745,55,1,1,0,1,0
3746,65,1,1,0,1,0
3747,55,0,1,0,2,0
3748,65,0,1,0,1,0
3749,65,1,1,0,2,0
3750,65,1,1,0,1,0
